msno,registration_init_time,first_transaction_date
OpmUG8E57VDqDWHzpmL7es+jg9iLbPrqycTnuqA/S0k=,20161229,20161229
2XJHzNBpZvAF/kBBsYA1S/L00KTZZEc18sfH3YxmuUo=,20160531,20161113
kOJwBkxRTJJaddoB0uDzHzOD4ST8hu7Xt+o0x5CTVYo=,20160228,20161110
Qxm5X3WD2Rh5Xi8iUWPLVOhtTzH0CFQk2pKBtcZmw50=,20150401,20150410
Zk/pd0WT52ZlSRx6bR8wK6mWR7+xKW4uyPe1QaU4XWk=,20150127,20150204
OiyRwLZhQP9iaAfG069IRFPZotxPRhJqJqHtOIFf4WU=,20150416,20150609
Aq8FbfqTFVuu9dYlnpccm82+24ZFTd+RC+8MxQJ6F5E=,20150703,20150703
5cCOo63V6vW8YOWiT2bH51hndzpmWmuKSMip+KuhjCA=,20160905,20161028
/zWw9xbxMSlO81kWYKapf97pm5WrvA3ZIRODIlJqwJw=,20150814,20150814
wBH63p6vfrMzOIp7IvbjsXctYShINKv/yclm68rjP6g=,20160203,20160203
nFrf35a6eCcuyqdv5fuigZeI7ICt5tD8p+Eq+DRzr7o=,20160718,20160718
fiXaU5XZhjmP8QdlqAvd9Yk9oWmi6qM4qO7yoxg0RWA=,20160411,20160411
wxjlkAwQhsOev1WX9IG0MvC/zYj1GCO/Tuq3o75SACQ=,20160214,20160214
DueB+5s0nG5ZssaW+fhj6EIfwRu18IlG4dw8MWvxAsQ=,20160114,20160127
C4MDpcGgNWkxofW7JQ+cBaF5TC2k5t8aOj4jeXyOwpQ=,20150905,20150905
6cVsVIRMZ4naLLHyyx2UrmI8NFo/tEukB0lMyahYMTo=,20161002,20161002
BhAtK0bNCX4smIA8t5J2dMk/ufoNPE7f3p5B0vuOdpw=,20160111,20160826
UoaKiRPL/BCKPI59cyAC8ypPAa5L6v7QVvFjBzBNSjs=,20150223,20150223
wvrt6RrkxDZGUgHpAeR3mJO+coKLuDFxKo8m+xvEHa0=,20160415,20160415
r9dfNjgOcZawLFffTwy5x6L8GX2LDm5D9HOaacZDfzM=,20160218,20160218
v4e5v/yLHA+vDVmXYTZXeK6CO9YbqfIC9Ue2wQC/WDQ=,20151229,20151229
eBcxCWDlFjY2AoetmbB517WQtliNQIqfIdsqbS9L2dw=,20160112,20160114
TRzKCKsHuRw1YoDTA66g7+kVj3QkOTrpArpaTobqY2k=,20161231,20170103
Y0D/o8lO7d8blS3hWAAO+V3MQ36AaDfcdBTL+0LIFNo=,20160110,20160426
SnTDgPElHbZywv8PlBtWvn0Zs+dXIWnObSHmTsQ39xU=,20161119,20161119
C5PHa5ke8AheHyJAeZsVUzWGQeS2ngc89u4PqZE8FeY=,20161218,20161218
Os+eGNzK7oAsaITBNLWcgQDLiHs5mO+e44mfoShZnAc=,20170107,20170108
FLjEjSethe6XULlju01FiQtZ5zfU1J0GzXOaNAs7o04=,20151214,20161106
mgknb1P0YRfHdZHZFTplSZVx4VgaAUOwaC9wgmi+tcU=,20150225,20150601
wLbNjbz3lQYkK6+PcHYRnzSepFVxx7LHCBws8DuZktY=,20161208,20161208
01BjTxUO6sPetWyOFic5mp9qqMd/j4yeO3mYTto1hp0=,20151203,20151203
qSZuC7loLJHFoYcTt7HILm+mWbPdAfVHp8nzsnF2w4g=,20150908,20150909
H1WtI3x4wqD0/nnWnmqo0fLhXPW5KYEzwZwRbfWGZF8=,20151023,20151023
Lq9qr/8x3g35TrVFA1BbSSNntbWjWjIS1xONWkDH5q0=,20151202,20151202
cbkOe98jM9AsRxhH5SePNbxW8BOumPPc5CLFp6CLCBY=,20160113,20160117
6zkz4OOKIazfvcmmyuPLcYS5//1Ti/TlZj3MczWbSGU=,20160209,20160831
3Fu1uGK45qKRh3d/ftDk2iWFtt4NcEZl7wBddR7//E8=,20161011,20161011
cO2YEfNOYGCh04SoG9YCvz6hhXedidpwmbQ2eF2MCNE=,20160121,20160121
jHO7Glm5Yq0fssBqwCALbT1Nacr5+XHs3VXRZlxriPM=,20160119,20160119
exZ2KGuEf6+byt6TENu1hByfi7aQSmIxlU+wBez93OE=,20161219,20161219
MvoTN6qeu8VhLjMvzZQe0RaLptdtC5K70zmvAFYFTvA=,20150714,20160209
pan05a+4zFc8Y6DB55Hn/gNftnwF0P5034GIxCIq3vE=,20150709,20150709
6UDITcyaPwbJPYhdHEQgNAceEkQS0JNIlo6uZsez02g=,20160331,20160407
3zldzpGP861IpbEEjiB8pkzK0NVS2D+Ka6o/dgWNd44=,20161213,20161214
jVOEKOMET0AVkJdHZkG5iG4c7I3okk72WJIcOTtKjNE=,20150730,20150730
osY+Sh6OY+ZrpxbDB7IcsNgQh2ocEKhWZnvBc3mjRko=,20160320,20160320
0r1RNilPqawrX7DZCJCOOFtEmj6XaVbFfr9pRd4Wk9k=,20150812,20150812
y/S0AoNHkzgWwJcBnhXiZR73rj98bbHkPXQr9l7AXNI=,20160614,20161120
y4RKDlPZvHJA3uoFWoMnsuW7nRRwZtRoxKbCsVmmW44=,20161125,20161125
vJ7vStBATQepqhlBEUEvmcuL+DSn1FDi+HR+WrDMZQE=,20151003,20151003
yEcDUCIgomlRWZ6xp/ZmTfg3dUNUwDOUgO621oHsxiM=,20150806,20150806
v2Os6CvZ0hLppIEYu9NO2I6R48NJ+Bujv1/FmV7Y0js=,20160109,20160219
/jmnM/QZiSLdR9Xquv1iTHk2yoFWMmuxWssFQifQjdE=,20160312,20160312
hMC7q5JFqI+ehLUjwJhZvt8wniVlt2fMSIJK7nZgSHU=,20160804,20161114
ZM9TN797GAB2vdsT/mO9sDVD0xGZKR6hHHwHqqUq+Mc=,20160327,20161023
O1fKiDWaW1nxkCVW0SBbwDHsrnwM4Nbgr+HammaVuzI=,20151009,20151009
LsJdaEAm76cnXuNjDQ8aZFDEmD0xrI1clvFCSBASHo8=,20151101,20161125
05k3Ua8BzxGODIf3ZnevDnsoBoShg0dKZMee+iAOqDw=,20160117,20160825
09V9t/2+ROqA7BB4vHbK9mpjDxNgkHlNK8B6+4DQho4=,20151214,20151214
/1ErJOg9MPolUi00E89sSx2B0BlsTlWbJD2W9otBG9o=,20170201,20170201
HT1nFpEwFpAi7PHMq1EGtOjPE61mrGIKyfNyl9jE42I=,20151201,20151201
KAyRH/0L8s9qbs7FmWHOkkEQkGlFINFBIkt/BG5e6CQ=,20170113,20170215
1NJS1ghPj+LERpcYY3uKVnEzKIEdrnrKWg4CGVo1JLI=,20160426,20160426
9BrZoQGF3xxGCVRJ6h9ow5JKeMknSjsyPv3AvriboIs=,20150725,20150725
4nXAfWc7lN9CbylKnAg60zzsTPKNedNdlVAPstqPPks=,20150608,20150608
phKf2s9w9OinazQCwm63Ek7aR933YRLH6kMLu+P9ko8=,20150218,20150218
tVljzMxqpARll4vWLz/jvo02PhYJfcXlVEH+kmtiUUo=,20160923,20160923
lCcwoffjipl40UyQqnM9YQiBNxNvUvwPdhD12fiGYmw=,20151128,20160614
H3BSIzWC/T38SFy8bKRx3DS9pFdXC+lkr1GgnNB7dTk=,20151105,20151129
fVrau371kJdDR5HVWV50MD5zT+O91AMWqFrTWyKmXk8=,20170126,20170127
Htq1WDN/eW6hwCNED9lAZ/H2s3cF88LsDD54oc6ftGU=,20170212,20170212
FOhxBQNR/EJwe/XvOA0O+1cLMQGpX3iWR20FnwVmnts=,20161214,20161214
BQQA9COV2lJLWlLD98TEuDGcWBrEpYjrBKyTNN2L6OI=,20160601,20160731
tlrxqe9glByMCHOc2XBmokdXd0BZsgFVAT6h3vrfwoQ=,20170106,20170106
o7h5CgBy1+eAU9LSyFO7UGEi2CSew4L+3vDV4KrApNQ=,20160528,20161109
t04/IyUbcCkKfrk5FfeXe0P8j4RAiULaS+g311dS6l0=,20150628,20150706
WeFDMZXtqxsOORdV8WQoIuxqmJVnE6eay/JMRqJZ5o0=,20150821,20150821
ANrz7q24hpwDUAgHiINm2K/K+EMBwcxYHHosAPS/S34=,20151114,20151114
sBcwNHbjfbof/kkwPOQGpFwgTu06M+I4o/AhPGZ/NnY=,20160228,20161103
0/xOredQD01BvSDwFg50+sTVnWOeTiEYinWk+l2KGgI=,20160313,20160908
d0cQ+PR8Nc5RjfgGWO7KVcQ1dqWgr61QsvJXFJ4s7U8=,20160718,20161101
D+6hDEiw//bSatAn1iydoxgIxMG6kL0qjspklgBpNqc=,20150520,20150520
EpPcoxPvybMcKP6/XMKCHyep3sTqQ7rhihqJKWPp+9Y=,20160208,20160212
lbJ20v7ib6Fq3pBB1iREEBR9n7e3UubtBfDvxynt+P0=,20160217,20161109
5fZQe5/Z6k+LexHmVRN6TwgmT36R4i5tVP7e/MOie/Q=,20160122,20160122
5tVCe4c1hhjpyg20C6Z8scWMhiJtK9nWauY2HqsitI8=,20160928,20160928
3jFGqJxwfsmq2+pqUfcj9kS+TBR6MY90vdhzzMQdl6U=,20150315,20150426
xhChd8p0GVXKCVrcJaF6NQQJjFZ5gv4inPOma3UlPVY=,20160510,20160510
pK5S19blKahs2h6iWE8qFz8fsehP9nW1BCCZSl2qoFA=,20151110,20151110
GbhUomkaWBHRNF5gpJmbhakl/LYo44OuFi5OyFoymS4=,20150114,20160717
zd3lgLjM/vloXIF9HirafIIfl8C1Coq2H1yL/a1t2MQ=,20160106,20160106
FIzbZ2t40q8HXQONnz4QgJcZuipKrTpccmJrC/i2f9g=,20150515,20150612
NpKLdWX1NqW68lvpTf1SkbgOk1xal+EBlH8iNx4Tlko=,20150531,20150531
RmV15kgx/jPLTBFVmAUDICIToRlVLNoFp6j0hDYkJwI=,20151220,20151220
DlfxWpVErphQiJGntTiw62HGcEcPECQ+xQ/Dn29UWms=,20150205,20150210
7QbSAC/Z6bFIaz7qQog9HNTjGZXbAR7VOR3iFbSn98I=,20150320,20150610
PDfys0WkhU6AFR5Ia7QCGtGCukeAYt0iwEEPjPu5vZ0=,20160121,20160121
/xPy+unltspQ7HEpqBUH2FUfvey8W/LyR0lqM9LboP4=,20160318,20160909
MTQnFCTTTELq7+jQufF2abzw/jGss9p5gc1ItlYJdps=,20151014,20151014
E1TRqJPAaNYI0vUSXuw6OdUF8X7cl1HTIfZMx7SlZyw=,20151101,20151107
83iU2a+vxogzkEZsqHJ3ULDRiEISoDgUciKE5lf1bws=,20160312,20160323
toLDkVKXM1Rf/1jwIdqZrkk3k2NBNxJiXwj2jQpLBaM=,20150527,20150529
g7GVtBCLdEzUOjdtdFjHx1Z4GLuWJKDnt6TWJaOpupw=,20160709,20160709
LmxlGzFvfkircOXgwRIv1G497Uzhd39JmXR1uJT6S3k=,20160906,20160924
qb1XUJhlQDD7bnVRd5GPP7yhG0wWM48BBZnrZKp2Q9w=,20160804,20160804
eIrykC/gmCqu0CvPMeakh90KSHctg/uMGhbCPgW/PFE=,20151019,20160908
dY25+ojsuZuW9CVsbWA35VeM+YOwPO0NbXJgtge9F2Y=,20151103,20151103
nzplTGFzMffL3infI4u/NnO4yXgin6wxSXrQDP4QSRk=,20160630,20160630
OtPbfPit5A+d+hevOmjmylyCDfvkqhp7Aa91GkiHhck=,20160205,20160205
Lrip720Vor+OPlFxtbg57akGZeGGTFMNT5iW7zk7S9c=,20170204,20170204
zrk0NRjit/dErKpqM1GP7LshmqkIvouuvRIf5Xjynbc=,20150719,20150719
jQ+hQyNTNLBF633yR2ycVPlO1QFRYxA2AN73EW1qeb4=,20160924,20161113
W6LGHRnt34Nnalirx7Px19HZDtagLtRoSRwuc7G34eU=,20160922,20161028
9OT1W/tLUZ5vcjGbhnKYKMTMDYbdUKSw42vEjFmks2A=,20150214,20150214
GdPePp2bJMNOTGDaGPzCZZG9w1o+vgvJzcuhVeea4hg=,20161126,20161126
5er17BOMAX96zqczzvIoPJead3jo0tLJozQhQVAx1sw=,20161001,20161001
kZrM8Bmybd/pJQ8zUt5t1eO+x7KP0tf5vKSk4NeJTn8=,20160911,20160911
fLORy56ayCXelNluoRhdFxuuRk/0zOI5VKeUfmuXvQM=,20161212,20161212
b7DtubW0eEOa3zSgfFrlfWm4/1ZUCBR6X6qD/UIbsCg=,20161126,20161126
VEOXstFg5TCPBR5GCGgnvrXm+6HAzyk0kx36JQ3OxDk=,20170223,20170223
uwXL2ft0xUnEineBNmHizk94iKoptAZ5PRLpYze38PE=,20160320,20161107
Q7cgNa1mDj38dOVeSlaCXCsdSBV6btRQjmY6gofOlWs=,20150905,20150905
E1UAjbsnSSckGJkpQ0niiu3MZbmbvDUITDPKT4XL/aE=,20150623,20161120
RtOz22UB8v5N3Xkp6W+8lXf8IPRK5i8JkX/0OYeXtcU=,20160330,20161028
1GFeHJXi+H3gQ7s2Ab0WtZF4+D2WNWCpJAEXUWPKv3E=,20160610,20160616
FSf0uTHKcxulzHdIiBSzBw5ZTANDUy0APBmG+DoD54Q=,20150814,20150814
41Vy1/dP/ZQTMOTaPeP0bjFv4aRlPGMrw7axzFD5uNk=,20160105,20160106
mD9t4EzEtP/4hVULlEQORTA+1JwpoxvGUpY8tTLwyHg=,20160901,20161109
/i2kC1vlfxNe78J7G2JnQYMMu8Svjv0Vj6+sPBt8sgU=,20151031,20161017
/wkL2WEtrqd7qhqgC1tpwVIWRaruzt5VZLFaUnkQmHo=,20150326,20150415
8voIEssD3XqM8in0qMjRsHbzfCPCviSWdeRRi1Pr0UA=,20160508,20161105
QP0dN3uQkYLzAZ0TNQeZ/vej0LmYBx1fBuP9PU/DqGQ=,20151231,20160131
eaAyIQ1TkydyV8KwyZTbLABriPLPV5Pa9nK1d+obnBQ=,20170209,20170210
lpIlJnqJg6pXwyCJpaCSkQCz6h6nzx32u8iKgtbEWd8=,20151125,20160427
RyIohJlPkFCRKjRN5SFLxykeNlmUs3umX5JHncNRQ74=,20150822,20150924
2S+87wByXwXO6g8MEqEcPlm1GNfwBRs88XAxSXMgWxA=,20150606,20150606
vP4HQ52Ze7II8+BeDoqFFHVCwaSleqk6FmkPcGnhVfs=,20160121,20160121
qiAOQVCV6R6DZDpoV05MGc/2FFbdxPrSmdS/3TXvXfY=,20151107,20151107
KK2CJSt/zVzPv0cnlvVShXqPjgIBPiJ73ZMQFTEVkHE=,20160126,20160126
E9m9ZZWJ1rvDATaGIg1qtszvi40aUkBoFC5vDUdM8PY=,20160402,20160408
btunVbUVvv7wm8JJo7OhDGkxR3sDio9rC10+ZgwGqs8=,20161102,20161221
yJpA7caZvpP8JjIpyWO2UtMQja4+qpQR/OAWJqcQM0A=,20161025,20161025
bd4jrZPrd8Zty6lt8eFZDuFs89gbmlqMhOY45rEYoS4=,20160612,20160612
hUSOD4E98oIgwDVOoHENud4faGDuC5SKf5L6h9xzN04=,20151125,20161022
USQLhY51IEa9XHcn13+lr0Y3GABL5ZAgDPs1oGy28OM=,20160827,20161025
b6iDjbaaIN13LrWVaLR9dks+lvp206zeMg0qThcvHLw=,20151114,20161105
wrhRPU8CLBkzKfZOHvR9RV9bzuJqmUCYjxzvQsSbdG4=,20160925,20160925
unqYwt1mQIKbqiurPVgmBSHrbZmciy8at1wNoTTOmyk=,20160130,20160201
OC7vt3F+Hq1H+NT3CFdNWnyiCwXnj3qhtQc0Zn5V+M0=,20150725,20150725
gjdopDfqBsJTLJB65+dZr7IEOHEexAgxplFNadYKEMc=,20150813,20161214
11ZuuqunKO+uAcQM8zfsOxPj4s1mCjTo7MXFehkuE8g=,20160409,20160409
jWTJJ4L4N4dPayHU0+bvA9IDQilMGal3+qB2Gfq41Nw=,20170205,20170205
Hrcxo10uQTy+SjhAv33dP6dmIEK5ytTC7LMfj6k/jLs=,20160626,20160626
8eDvWsr14QRRi9rLsx4X1QC6I9Gr6kv96tUmjrcbKKE=,20150901,20161106
HOUaEcRzG1qgooK3Ql14J0ulnh9zdj2GTvtIjDgMFyM=,20160529,20161030
GFN4SnYlpvFOWb8M5xxS0VbVjhDcRIXAnekEUZkVi0g=,20160229,20160229
kPYlS9BkjauGHW6b+8cQNGlWlxPoQxfMmbZl7wHIVPM=,20150405,20150430
WAsJp7qCiQ35pqi+XvWkPNGPpBS0AMoV7M6c//14I1Q=,20160926,20160926
XehMgYRsFBt2jn38PhLcWz0kS7urU2fK/qU0QKrd6rY=,20151127,20160529
0iVIvj25L57QZgW3lTZBhTV59kLjn/kGzq8iaggVM0A=,20170224,20170224
Iy/2l+IazCz+RdEAxhiaIZBWHkZrWIeuXdWgCB5McaQ=,20150907,20161027
hYRAifqQHn6semFuepBanKEbcTikSCfPa76X73NKB+w=,20150607,20150607
CUYiP2S1Vwbi+t8UiBs7jpyPPhgAtjHp8bzyvcH1VpM=,20150812,20150813
U+dwN0i0ixpZa0bps4h2X1udLnCAtmBtPKBNUmaCXd4=,20160612,20161107
yU3sfeSGQJU8eWFwU+LIE7b9h+AEs4qNVJAHlCi2yFM=,20160419,20161217
vIy1CyXCMW1O043hzUAy+bHSIM1wSJk/QNGaol+6y5A=,20151019,20151019
rVIrsM5cknh8iDLSqMJPnSwWS3+eRee1g2TESk1B5FY=,20150905,20150905
NDZQBvjEZ0wqPkY4+U6G2Tapq4beWOsP6se+9KHGJKA=,20160914,20160914
9CYlNRkrOUl4ZmcjzL96J7Jeku5Zni2/hVZgvadoZ48=,20160601,20161111
nwgFPkkK0brE/jyMJBqolllMMIJF05ubRGDCpoaQIIo=,20151128,20151128
ifTahLZr/ZpD/gon1ijptxvRSMuG7we71/8k7VVHUNs=,20160805,20160805
IzF1xgVacSfg9L2qEHD3fd+zKZpxIPZT/NKdGU3PmZ0=,20161222,20161222
WQvY4Dc2Alrsng9R0YBKX0XjMfnipdv11C16M4sgsd0=,20160923,20160923
mCVDegKVBD3bz5iFK+BPEtU5Sl+7K0m9+HK408tNpyY=,20160206,20161127
+OXHtqStPw6/yCI4VUBrn6XZLLEo4XqoWyoEfnGOLZ4=,20160411,20160415
QHbh7a6Wb1PQaU+d7rDAEZ146VawWCq/lXisc5QBvuk=,20161126,20161127
lnedZ8zZA5UCDz3JcfuAHPG6SeJNTTVkC80nr92eQs4=,20160324,20160910
qoi/YjjJoEzYo8oGN1AHG9fTHPvZEvZp1LyxTM4kXro=,20160405,20161031
nLmImCLQxI00QZY03WGWQI1Y1HXFYTPsnyTa5iu6oZo=,20160911,20161024
Ctk3z6AioOf35/m1GJPbsnq2q8fHW/Js/w5QJc15dAg=,20150129,20161104
f8+Mf2g9G/WcRQF13xE84KPhKZ1bNWEm23nWt0W/Hfc=,20150713,20150713
jseLPMoibuqzXmiu49aI2RO6rNSmiKWlzm1asji6hDs=,20161118,20161118
CbclV/a16SPd0YTOU6FxoADn2sQmMiMHzJmvNA7Q+E0=,20150425,20150503
6ppqOJLIspl9xVl+g3yI7+LPknInhIy6JZbEggZZi5Y=,20150110,20150110
OYuYVXKooVKEb7UG63oPcckCrU8fNPALpRqFHcVqtO0=,20160526,20161025
w0CimLgk3uzJlYdzv402gIx1nd7/5FCEBN8LlXNJyU4=,20160619,20160908
AbSkViA9jp4Rhgil3vfcHiO3IFtCdjjjxmaxmeup6i4=,20151009,20151009
0CF1q/LCl6gYMwWbcXR5oYCk1ZgxdrzsXJs0dvguZjg=,20161222,20161228
HCtbUkYvUATNFpcP3Iy6O2NauouuMvxCOCTojd6dOvA=,20170108,20170108
gX03E+Dqd0sqnZbx/wyl7AHuj64o9H31DMo2sTicAoM=,20150714,20150714
YcmksP6es9iy9VICOZNRZaGPnfY1Vh2ymdnxX/kBJB4=,20170211,20170211
TemqtK6dqrW96QA1RtB+fcFDu2ZN19jnOgWwJnNXG0o=,20160404,20161117
dEjrm6isJz5QTbfI3lGPSRUWz02/N0Xijhvdeea6HjM=,20160909,20160909
HtozCdkak7vdY0PpqOyrrTb2BSLwK6Qko1uEkQOWoFw=,20160103,20160103
U94VJW9kLJSy4b52XybQVh/J8/iydB81rRSZdPgXVBA=,20161127,20161127
mh4x6MWNxheA8EEOB4tk01ffT9sgLg//z90Eq1M8bx0=,20150708,20150708
4jECMak+LS7SjCSXwjbC8b12MBV1TuaKNZVxJvCEw7o=,20160427,20161128
4ltD5ctn26slx8oJrQoZ9RAVFPNgf2AJ1g7uNGIWNaY=,20160929,20161125
OeEtZQRK5kHSDUOTzprpmYozDJh7LNQ9w7LJOVAdtZo=,20160322,20160322
zyso/c5zSfb6njOsHXfM8XMeKa3Mz0nU1+/+eir6LCY=,20170203,20170203
Y8v7BusxjjBKVUMKlt+HTXx7voQShfGQPANe+hxf/lw=,20151130,20170106
uJxVMLAs/bhOOoxPLAWv149xQFFJsE6r83oAgiWFgCU=,20160304,20160304
ykHGGWkCGgyvc9lZ8sOjiLGhOuSVmx0aKa3ABbf71N8=,20150215,20150217
6nqQU2diLOGBhWAkx7JiIzrpufy7bt1fYJt2OXa2oaE=,20160130,20160130
/fEZIa5K5SPa4zxHLubAptwpqkCzmK6H0XH8UQYmrks=,20150330,20150330
SOD+lP/GEzAmjtI4Gu8hdlEr4eg7UNLpQdLUe0WxcW4=,20151214,20151214
twdNqVA90fDP0Sav/tJcaBJJpJ9cLb3EVAv07f9krgs=,20160107,20160107
D3sYI4auTtnBfnmpVvOxbv8b9+GNqRJExtdDbts9MY4=,20150623,20151129
+cHzjQlkvQhb7SsOig4Dim4wS+b43oCgZ5FGTpe/Y2E=,20150506,20150508
5w/wo27bgB6p/zJ3ElvK0bFZ6+9GigDCQRA80/XH+Ik=,20150114,20150908
ulkTpAMCzahIHDv60UUTm8103BzJOiKkN10ZuXur8E0=,20160526,20160526
TtJnmFspSXQJVyjOvT+LLAGrm+9TnAZDvh6xwvZ5Q/o=,20160802,20161025
5mQ7kYMz+1Jj2XTV6kPl+FyL+3tWYgUSpVqszUyIuGc=,20161116,20161117
ROgWRubLay5tGSzqCunzv+eJhFaej7QoK2ZC5edMiJc=,20160210,20160210
NVynbSaaoeSRlpsQbI/GGd9xdbYcD0SQ0e5fQZSqiE4=,20170102,20170102
5ptO8/DsXMi9RyIKmSzrLskHuVrp88UZiI2uCVxlnjg=,20161128,20161219
zw24/sOWJmg2XTUWlMdVHXfO8xLFOCyzwrkXIELj0LQ=,20150520,20150529
D7czjvU7MZiksyUzMS8pO4fVCvm4AqPpPK8FtJWhsug=,20150316,20150318
5EyXtfXRTp9t/tIqMGmKSngy7KJHTZTum+cT0yRXAnA=,20151103,20151103
3aDAab4ABDBw1VQMY177yrzc+Hy31+OVHx0tQSuufOk=,20161118,20161118
z2thx2rSqe3LVsFEh1QVzUQMaDsnKrnHy8D2b+uYFtE=,20170205,20170205
9SR1Hst5GF3sg4hLAGFUGHyQ/KAXB7s3NUdrqdnABxs=,20150124,20161017
dsnT5CTj0GmLG6c93VUDLSyilqjR4I7jicE6xqZo72k=,20150906,20150906
NClRy/jaDqzfXmTnEFsDZx+ubhdQNss5NHS4NzjkBVo=,20151120,20160402
UCstxIp8y6G7jjaKiRYC1LXMn2uRv+rUjxAj42SSDe8=,20150430,20150502
QvqRq/SXZ9KRV1QKRB4qzOeeHo93kb+0y30H3a1JCFU=,20160820,20160820
SmoQ1zeZo5CZTowcoBtCwZ+QLEzXs9baQKD5iiq7sZs=,20150718,20150718
Idf7gAoURRDOEcO8HOrYfq4ZoVLWauRXGvmJyB3UY5Y=,20160123,20160128
SSDi0GXkOn6UAYP82VF4H72D2MsooH+4VVPnNopaUxA=,20160127,20160127
ASFiVxtQXSHvY+Dfck3tZRXprpWUCfEwTDVLCTWfLLc=,20170122,20170122
3fJZ+sqG+t6NAVc+hGbeGFD/ZdlZTcNyqAmovkE9OXw=,20160205,20160209
/zqh7B+Tsr5RjBmEDTkAHgRV03SCKr5RXC3ngiF2Zms=,20160614,20161126
fREBtMZcKCUWY8+MSlFktBQTWENEMBNTWgt87dGzDbo=,20160321,20160321
K9Mgpjb9pRVVwOr8lpKRz0Tiy6NMExW5mfGQT2U5o7c=,20150312,20150312
0t8LQYyPuB/0d5MZImlQh5wKgGP4x+msgIU9CBSsTnY=,20161116,20161116
eesusx/DrA5zEd7pr8CG/QeI7yjipr/2bKbfYMZ1PCY=,20151201,20151201
9fH+MItALpoRG3Ra756c4h3UCAoBOnQljFH50a3Ivzc=,20160405,20161123
Qg10IM5BhnE901no2mXv02dz+1XDxkqQ/8IdeMItpow=,20160309,20160309
rw6IBUtbOTwuSOk0msvSWA+DTLx2gPvo42OloU4VdCQ=,20151210,20151214
LmtMZIEWxJrLXoH3JU+WKwwQ0W1U2syGPpjMYCbdw+I=,20160819,20161030
teOggy6/WSUWJoqQrQ1ceeHChx2C8XWySxmUUdB4xUw=,20150411,20150411
E2lXGZ1nlOyMjXDuKtXo1ljGTmg5BG5NgBM6WFveI4Q=,20150505,20161027
0BKskPy5F9riP3uQP1yQW+Nl2d4F/uCVZcDbgieftKc=,20150314,20160424
4WPfnIXWEQ4S4P2/E/WN2hh8AMdIprUnfdU76dLxFb4=,20160908,20160908
+C6SjLxnFeETViONaakwoCejbZqCiPXJsS/JE21KkDE=,20160721,20161104
4YkKS1nzGNQ02Lhu6/+gkbvh+iVSTxg+JhiWowWpfFI=,20170112,20170116
q0wIhnrKV91TPp/YDf9bpMGn1Vt+F6XvJbNuIWRT6Sw=,20150820,20150820
jcPIxyQKKpX2GAzBzhpczi3iS+sVJ6zgou5dn1YedtQ=,20161218,20161218
FS1Dx7isRvFBDSRIPV/E6g7w1ZqlBl8rfSxHnVbUIeE=,20150608,20150608
naTzIunsPC8gbJf4fctpz69yP4BZsFMGzI+2duym/uE=,20160926,20160927
e/OSrKc4ti70Z2vQfrnxkCrVFUdLBSZdm/uK6CSWIWc=,20150726,20150726
6woQpxzLBJdK3MRv4xbc8uuAdtn+bpneieNFRuPdx1U=,20160112,20161027
DckoMN+fFKAnwzyFbkObMHQMIyfHUnloLPHZFSS8FTg=,20160521,20161019
8aWKbmvkCFcRckXgKoPOvF1SGOLKDxoqaPaETVWHgYs=,20160214,20160224
mBnTp8J4Z73Tl+KXdeFiVQc649MY4jU7VzFTRtSlTG4=,20151107,20151107
lr5cknhuDsT1VIAi/fOjgpK+30e1aRaQE1xXBYcqod4=,20151114,20151114
HCC/E2yqOFwIOYQdUqko3THd36KZkbUR0mDPnZT47Po=,20150920,20150920
3lID4eqTkjBQ+RXTRMJ4soHel1jtfPO4dhKeK3rEKTg=,20160903,20161103
LzGZVD9AvvRZXEEvFbjOe2RjpYhVnUBMvA8nVfAb4V0=,20150312,20160211
QIcc9TdctonB2OHZ3cxwW/kVJ4/ZGJS99aPWzpzCOUg=,20150404,20150602
cv2j1S2r0t/DkI/tFsuge1mNnMMpwJZgnIaLRo+jyzI=,20160623,20160623
WX5K8IKQHgepTad5GQgq5UsKbUWvI7zr4k9r4hk1izo=,20160301,20160301
STxQVSv9PN9VObSpGC+cMEPNc5VQTpnoYXBk/kXQVMU=,20150921,20150921
mUCwZEuoQW2n4CjGxnNv0v7qUYZEI+h2nKPfkBgD3DE=,20160514,20160828
9CYxJwq21WiULAxyJJoH1BtC4qdsBOABNg5l2Z/+qVs=,20151121,20151121
TcrmjIZ7do8a+xUkCW+icRyDd2Yut+dFFohpldY9D20=,20150227,20150307
igPrfdAbBh/v/2TwCcqAgbQwQm3sqyHcjXtOtO4NyJ8=,20150814,20160911
uIghxWxXwP7ahrmjy4OV1Ylo5UendCU4EA2abK4n2o8=,20150612,20150612
yVTvNXKNQy5Cpay82fpI2L0OlTQkH41dmmrYr7bateU=,20160203,20160203
Pz3dguGLgzfUzw93gdHxH8KNiCBf9MyLVgA5xXrz/Ow=,20160916,20170113
ZH7KW3A7njc8tjc8piDyHaVw1sB7DlM8DSP2103c3zg=,20160104,20160104
yWhqXmDjMj0ODMMVyn1i3Y5g/aUxO6x32DVxjFbN6Os=,20150801,20150801
7lcSU/4/rsW+jX/2bdlfSdTTVeukMNVbRd7P4EG0Ce0=,20151015,20160630
CFaUR59WjeW+17ISaqo5vWWeOxf/1yHuQtQm9O+EWVI=,20160804,20161125
/T68bEdXtSz5JJUtdci9ozMzlenwW7ErwegcDzJQDZI=,20151005,20160905
CTYFnKj31CKuayFPELdTN3Gkm4K1oIgpDm4c8xXmEKY=,20150807,20150807
VjEJAkPxHmMnwRELXCJFqzw00S5G7b0rSk2+qFOt2BY=,20160220,20160220
5Pl0B9je7so1Af0kcs9Qo607jn5c9UGYJPvwnjsXfC4=,20150305,20161030
1bEEdc5QZnoHuAevJFOVXVIwYTGBuEWU9J8D05yeBTY=,20150124,20150125
O7i+v5L/jNKinkKpXWQkl6kjmEPrwI6sBuYEEfTCuyU=,20151112,20151112
lkjMGnEy1InkZkx7NJaIuyqOM8xzodPz9pO5i9Cs+Go=,20151213,20151213
srbociUsaDrUGIja2KQ5+2UsY4434IRVd7Vxr6VJkvM=,20160522,20161024
bb+v+pt5hVRvrTKIWCt39O4kf8T19H5H2F+wKYgvs+s=,20160528,20160828
K8qmi4aNfD5eZYfis5IO/OYhysROA5AJSY82OI9bSmY=,20160923,20161028
wFbgKgGDSugOzCB9Bkj9Y2O5Z+857EyWEJRPBFZvx8s=,20160213,20160219
OPpLc6zpiA4HABjIgUJFCjKng1YZ/DEKjtrgrdUqzOc=,20150703,20161025
erA9ueFw2vAAEBVszmLzi5PFtASWpQx7nDUU8WakNlM=,20151006,20151008
fB7yJmdXktktTfRRYqy/JNFMuCts8Qk31PSz2sAw76g=,20160404,20160908
hb74MYlsuDPRp/9Vlp4sYezGKyZUbkn51Jk74uzi9Jc=,20150714,20150714
ED6UhS4E+VSPUtYwglzRD8R8aLuwWY60QELXsHgQVZY=,20151014,20160626
4gWSht7Kwp3F2EHwtgSyp/R+2nzOXtHAKV03BKk0EI0=,20151011,20151011
cgCPpXKwIKfWGVXCUTTlWbJTPM2aLGpx7BxQS679Q7I=,20160418,20160418
SRzmmA/tdPhtvJOvtQM/Fd5fmAjyk+dFs3QCbA532tc=,20160209,20160209
3IzKdm+OR6KSLfcu4DtLK4ICn29Klkn3yoOmlQ+PEAU=,20160626,20160712
u8iWjAGO114Gg3HCWuVR6KxTfJ0JllkeDTwnN1HNNnM=,20160404,20160430
b/hB54wx0EGJmVR04ikWxrilYSi82TTBtb1lRHsG+eA=,20151003,20151214
8GUE5ZDWGFl7+5qdr19A9q+YHkRnxHlNjBjhKYOx8Gs=,20150530,20150703
4sFrwd6ZieC8Gg6XzfV4cRgQpVsrABhxGAaxA9tRjvI=,20161006,20161006
3LGZnClcofAcmVD2vfTHvvYw/okdu/sQ9CeypXU3mPk=,20161005,20161005
0XHejBsM4nnDA9/+8o3W9Ru/EWk1OJmRaGiepFSF4Yc=,20150413,20160715
as4Wp9x3irvcIa9bNpDTLG4t46js191OEkMDPdv2Pc4=,20151028,20151101
IwFHN/x+c02Ua9vO1AzOjd++qRA2n9hJMWockmYdwmc=,20160509,20161025
qCDk4QS6/BTYETWHFnFeJngjZ1A1wWLbk8AGJUBgXAs=,20150904,20150915
DKjUhQXzTTFXYfcNkUEMhitloiATD5HtQD8qDoa4iho=,20151229,20151229
J2OsYo1o4VeKNwqzdHR2scEHjkTMP/EMVnQtAnpd0Zc=,20151221,20161125
bTuN1GQxlzfWDqjj2MEtMRZgWPUW/0oLWw2rURnQnfs=,20160920,20161108
OLfvl1IlWh79b3O0j6q2L6e5KyfYQR0fF0efH6UWygw=,20150901,20150912
3a922X9TZuLW0zSElm7A247iqQICzJco189xhTD8j9M=,20160801,20160801
5NXxnJpd8VxcJJHJeWB174ikTj9kBOT/V2SirUMRFgY=,20151010,20151010
VFIN2ReQ751H5/Mz2cbm/VUMKZyIR2iT6yHToVwfbFg=,20151124,20151124
7jIfTF+ltBlyujMG92+ccPLDkfT2iSR1QPM1UN1uwkw=,20150420,20150601
4ocp/HLuZl1DJUBYfJgn5U7yFXiXod2rfWqx+him6ms=,20150112,20150116
RwZWuaXaYkAb6nsaK3Ivs5OLbQd4u4fZGITJVk8q3Ow=,20160313,20160911
NJZUeX8b9YgpwKetg54lRJXh0o1f/BO1jGOpQRaZr5Y=,20160707,20161113
XU0ff39MUid9aViWG4kp5QC7uAZNln71ZgSA2TNlEzE=,20160201,20161221
C1+ym343McLFE9H++s4+rVqc2wfarwh9tRNiimCXoeE=,20160403,20160403
KqEvBSZebUFheNONT9osseEQ4mfwv+LOAZhOvpyv33Y=,20160830,20160830
NCAxw9NioOROruz9KQdD/W62KVZ185UhLqGo+shPilk=,20161126,20161126
YGfCrJX2ReI7lrSAt04EZTgTm8BAGmGk7YR9H05Kd4M=,20150530,20150530
QADGms45jM2kYObSkyxQBhvZpK8p6qCRY236UEsdMLo=,20160127,20160127
6JmJ4kP/tXq4+cj9lXol13pPn/SfzBrEMupUcw4JDrk=,20160109,20160109
YB2ft7V/lwnMkw4RNnnRBKXS8bL3ykUZSMIu4CWj7R0=,20160925,20161104
zip7+0MZVJ2k2CoVRjB41dfZ3j3oEogTLjLfmK1LQUA=,20160520,20161101
WO/sf9ZUqpMPIPJqifdL6p93e7tI0YnebudrWX9wDfE=,20161102,20161102
VU81v58emEGKjEuV2b3KC2/szmoYJ5go1nFrcDWC/HM=,20150209,20150209
Bcn4nMW7gUexFKuXuyZ7ts/z2BKnebTNRdCmPP5i4mk=,20160609,20161028
KlsiPdVPeiaG89Yld+SEZR6MJcbn6nDiqjRiU7EpniY=,20151226,20151226
6pucwC+oj/RD68S/uqqZlgKZM/CSxbPo3/6cUtqRssQ=,20150824,20150824
4mnY5zCmUHnYlRiRHzB8G8sF5y4VV9m8+P+2MXaI7i8=,20151104,20151104
tZq+4r0Hyju1d3vR2+GtcPAO2ibymUPJ+05dx6IVo+o=,20160216,20160216
DbnrGU1GbYK8a4vSMjcrBwmTKQSZmn+9kxjVc6JTCD4=,20150217,20150604
lkdQBXLXAyGGQv8yCUJLBNa34ZRwl6XuUmNCJISAcl4=,20150727,20150727
eRQNNo1zYFdijTse65FpjRueFqCwPMaXdZyNxIO3cEU=,20160822,20160825
3p1sAkpjYD4sARwFe001+CqXRf3q09N0uMa9SVU8SzQ=,20151227,20161029
h+o2nq3L9Rpkda4JrGTDB94FI9AinJMnkprfZQbxjeI=,20160914,20161029
dQh/YcHbJvlyLD5bU55mPnKBEUGQGsLmwaGh6rLdaew=,20160510,20160510
Xgf87ikvi8X2ZsM5n+uhWx49yLuLRy+t0E4m8xtIWNY=,20150613,20150613
epFNE6kd2jARNrOTCc5t4wli32Fn3KX0hikS+xJglLY=,20160510,20160911
puoCXtjUvjEjwku7EfjKhIgxf+TZZD9NsGen/x9Z3nw=,20161017,20161028
YZrxOBy5XVtCxkyC0u9HT+4/OJWxQ4tYBSvuKFyLGxU=,20150607,20150607
543uIFcRLw8mnYcc8cSACM4kb8kq10O9OQEUZYZh8QQ=,20160429,20161128
A0ciUa7SVOraUQoIwK8kbfy/C/8FN4IaIXorvmGnz80=,20160720,20161025
lbqzvQt24IEjvWziBEuccaNHyhir1w3IMBAuqP+DG5I=,20160719,20160719
rMhW9k05UQRJwVuM5vhcHUQ75GmbPSE+rMlc3P6prJo=,20151011,20160911
wsY6OHpoomSwAEyid56xR4wmlr/NPZ2bjeLOGnZKVU4=,20150610,20150610
lqKqaKRLZ6dBIqWUf2n4kNdEU6MTb2TuLo0ElEwknXo=,20150821,20161108
Y4D/jgCxzBwLw1hE41DGpaIC/WLCKdBLpWt3U+Yqawg=,20151209,20151209
uLdNpaNtFABS7Xe4bT6LxM5qGa/4vLb6YoGdnJ585Z8=,20161116,20161226
qgkEl7GjZyA/M+veTUSMtiXrjv2ubB6ZTWAmsWtZxoQ=,20160328,20160908
6Fr20XkNNPjBZjHyvnQSUSWuYW9gM1myu7arkl7OAiw=,20150602,20150604
+XYr0d+I/GgcitKv0ciKDID7aZ6MT6D2EFLfA5nZvQI=,20150831,20150831
M+FgJh5nMBOEuAWlZ7HvK8vn7OUayLaeO6KUs/Kqa+A=,20160506,20160506
cRmGWYlRORP6Ml4Z6qMgniGwM1nPuu6vP1pBiObNMtY=,20150224,20150224
Gld8GNc2pqiqC24iMdUFTN3YAjvDyaxpBRuraHiqVfk=,20151109,20151111
xBXUqb/ZmP11/I3igWwBaIIlGwOqL9TXE0ATX93HA2w=,20151111,20151111
UE5bC6MIT0A1F6Y15RlFs8NaQFtHpUcwRkU6Z/oo3cY=,20150708,20150708
Tnssv/58LzzjJodRdqUxsGsP00MXNjxmj/fhQmIzM3c=,20151004,20151009
VldueHMJTG4QryQPIRl70L0QwlcA2BjJ1ckRiee6JA4=,20160313,20161122
N4VzUDGJAtBvZIUXr/JrzF7YbEkDESK0gZAtDIi6F88=,20150727,20151104
xNlT/VILlw4Ced/fYIZh876gP9A5bRpbW8ukmUef9/0=,20160723,20160723
8lOErNgwCtER+tayiN1oWEcVhvppFmMnSg0xnP+VnxI=,20160708,20160708
gpLv1MA1X+CR1mn9z6Uaj/ku6/+nruDNtuQ5bBmZGxA=,20151124,20160902
zkckRtL5CfDkSx0ZQKj1iVMy0x4jrcUtbb2Gn6wZsCA=,20150206,20150207
mhj4ysFrqbYwojV+hxRU3aXkgoDu+VhGfdkVlR7IW3A=,20160612,20161125
EYDEWLSB9TmTDlYRpyzNq7HLbP/rzI1vr5Rw14Z+ENA=,20160809,20160809
UiGOAxcDzSSCY3L/e8w7e0DvSUAKiXPXr7i+mAhIKHw=,20160420,20160420
6fgr/jnc0ea2kUFrkb/fETatn8xsV5TxaMKHFCCtzks=,20160522,20160722
odFco54IfhGWPO4w+ZcZKnCDipoleIJwdOyAqpZnDYU=,20150407,20150407
2hFsSuxYQ25EljyhEiwWPwVpxF9uN7KMNJSaZBZViZs=,20151020,20151020
JvSbIlxUUQC5s5gOoyvTMdVUv1WSZRfoPcN+LdiRSpc=,20160725,20160725
027dl0LYnkrxPyWrY916OWGimFMv3YDsFcFsQ69ZtqY=,20151225,20151225
lbdFdSaXHzwCm1Aewxb94+5sGN4lCdKpG6rgUfiXat8=,20170114,20170114
IYlwWXLjY2jEFLsqFx629l0y8+jBBMxUKpVp6ik1ZZk=,20150122,20150527
De/qo+6BpYLavBhC/rRpuImWQa6kgnlRyGDL5+22xlU=,20151201,20151201
CiVlPAJHmnEbef67YsGqUiDpnA+lKQeuT8PodiPpqKw=,20160216,20160216
YSovLbhStNqhXdMnO8dRpiRZmafgmBWxkY17m9P8qB4=,20150711,20150711
8bw0hBm+iApUaCNPIl5yLXGs1Rin3p2Th/GLMfCLvec=,20160904,20160908
oI9RJ1tOae6SZ/tUCGa82GGf38pIb93NHTJLuQmeFqY=,20160401,20160404
ZXi+JpzDTz/EN/oieg6zipRM5+b4BuLHSZwtPXU/kSE=,20160522,20161029
Jnhl6+tIcOoSD4IGltjwB/VatNf9RT2YChREO0jeLiM=,20151017,20151017
TdugQB6Pq33uCswdcXdKmOMKgP5ZxU+QO9yQMfw7+zE=,20151215,20151215
ZE7voPCG6o1cqAD5DxMDcYz7I49I+Y/57eovDPu/uLo=,20151026,20161101
1NizHvEazTegngvETdTF0EIyORdBYZdPkYlr52Gf93k=,20160705,20161104
QCPVuERqYOmToFXK+gH0YmeTirII1LwJdAyC5lADl/E=,20160608,20160905
b0Kh5rSAXfg7ebm2BPXAJ4PYNWRMe8XStDfPA26+/QU=,20160305,20160305
8T3KIaMxS42iWzofb4xk71KJc6KH5/1OymFtKn2NoAk=,20150607,20150607
DIJvlE4husS3bYfV0KkwIfyuT/pJJmEcN0+L5MoRVeo=,20160112,20160112
0YtoSxDtSw9BQsDvg/MOZRjziiJ3ekJg2jhCc0LbsrU=,20160321,20161022
TAyJJ9xsKABwOiJgnu+xhxC9IV/7nbnM7NGPoDf7/o4=,20160112,20160112
q7OHRwJ5NSkljcp1wD4Aaj0698F6OxavwMGWjqMDjrQ=,20160915,20161111
07MXaAcV4RvgEyIaM/CKdsOxo4+FMLYgD0Xjh4MaLG4=,20160229,20160229
KftECmnzPmHW6TaRooudu1Om15G7CBmXSfZU6r04UQ4=,20150708,20150708
71ugOEeeiFcLtWjhk/lqQAdHtKgJXh17B2HUsN5ePmM=,20150619,20160703
hkP6I8diMadU4zlbPEMWnv4DL1B5i9gre0Fvhya9z5I=,20150903,20150903
E5US8GX6YG3ZthdAeiCS+OkSOtimq4kPp1tgnKLEYkU=,20151216,20151220
AztuFBuMGBOKriC41Aoe1Q4XgPWbwddMq6cn9OuZcRg=,20170125,20170129
NBewmaf45I+2P1M7VLwBDuGwGpbZ+mZmg3JvHXlFjRo=,20150901,20160229
W7EmPgGwcgOdsIQvjYdYPAhUbef/v5mL5ZMfvyo/3Gg=,20151013,20151013
2QH4vzTWSX/qCZvXLVKwmMuZ/0tazIDakjkGLApZm8Y=,20160501,20160731
zqnBE0fyV1XUla631zAqrDlwc6/tJXgcbqkHI7KyHUo=,20160103,20160103
BctT9hgukoO7q3lxbPoHFEif+oARL4kBuBOvPz/ZaEs=,20150730,20151119
499hw3agIEPpmHEOXVz0Zq6q0yCe55Fr6W+0qLZrZs0=,20151205,20151205
nVpKCCQMEBlGkWZGGI6n6DsnN7zx7tH3awY6QjytuMk=,20170219,20170219
6aiynpnSxzBTkYxJCVlX/Rn5LXNM2TSyYv9kvOPTKb4=,20150822,20150828
P47eDmOcILUr/inWHzbyEt5NEhWcyHLzgp4SfxbNAkA=,20160318,20161029
U6B/bijqQH1XjWJ8VEvuPX1SlrMUfMsEQnUioCEnaWw=,20161002,20161002
cp5+JPAPRu5imTyoAzOxcQJ/vkkhQ7JxZmWzo5/lmvI=,20150212,20150222
K3yr0s1el9kza2qs9KDkUtS6jcFgMeYAF4NXWrjBUbE=,20151011,20151011
Uj//8/mrJ3vy15M5/ke/tJVWZEVtyn5qDj+3RQcX8hk=,20150603,20150603
srHt9NQXlo2j9E5dcu8Iij5/52AyEpEfcD5CQlYgmQA=,20151218,20151218
+7RV7kPwGK6I7pULHb+TkNV9hyVa8I8HzWhOa6llYv0=,20151222,20151222
/e92iMwFL0nGLnY9jm0/Cnd5P3MNI91YXb9+a6buXTY=,20150128,20150128
nJlI2KjtrQE6kvyBwjdBUAL+I0QzXqnlssr60mNurnM=,20150423,20150423
QDhuIKHya0JezAgl7Gr9leEIxVFmGfvcf0zj6q6wHok=,20150608,20150608
+SU/YwYnp+lZ2V3SEK3QsDVgvLiHZqzciKGSZmHL/lo=,20160911,20160912
IB+mallXgK6bTiQ3ufvXAMicNQypY5XdPiyQDxWFJB4=,20150829,20150829
/aSoqUev90qyxwoZB9c1dMGk+wiwoQtQco7fFU7txzk=,20151127,20151127
6qRX5yfMVDryKzZxwtlYAcxsfu6B8KCWNfGWk2qWuxk=,20151017,20151017
3iJN5SubO1c0N2hRYcBUIKSnUcPlkiq9UW+1EfEtFX8=,20151020,20151020
O4Rjy1hYpkzDyjHt0GwVyjVg8kKbqxaXn09twVOZcsk=,20160217,20160217
BmlwxoGWrnRRnU/omc5ck1hKbfBORl7WNPyaulDNBzI=,20160522,20160911
SWEzCoqlD4PLJDSjCSxke7PHdB/xpMBLmzmv+3Gqqzc=,20160214,20160214
YqY7Hd0goBfIxTFBy2WVZ6j6R5/3rCPO20QBRJ3Iut0=,20151221,20151223
lET9hAUtHNw2EZTdKBzq3IH4kjiAxXUkIn8ltOrvyYU=,20151130,20161022
2QDf1nA+nQA1oT/1qw4/AQN8ReGy4b5EngteBBdCoc4=,20151105,20161026
HhjjqHuoWErISIZ2AObqGthRS6q9Vc8tMMWzD+P1CFc=,20151024,20151024
zi2nV6oXaHJkaRwcxeedV0BDgWxjP+Qj8IJLwTaGkeM=,20160708,20161115
Ltgwr5FjWgBDIAIRRGRuH0Jcmineggh3+niECp44XZM=,20150614,20150614
Bs9iK3sykwiTHGL+g77kHgciYfAaNArokXRZzHQqLak=,20150604,20150604
TrKUnRpApyuP8tI+U1l6/EKUr4dcOwhyd9wJ6rON/IE=,20160501,20160731
rXEKNLSOzPJM1vCLILaF0kZAmd9F8m4r2i90VOPnIAs=,20150921,20150921
FtO84zdBoLG4zBoDC6y48PgT5G7Sj7wSrz7UpqoTLFA=,20160131,20160131
BmBDWR2V0mHyY+ekHhL8F5sHwURaKuRbGl68qdueDEc=,20151230,20160104
V7DBfx9PNIEFIB0d4Qku4ajnUY6S38rTZkKm9m/DbOs=,20151214,20151214
ifZpnhW/cmcRUwNQl5Qt2us3n0YmpakXt7ANu21fXI8=,20151230,20151230
+x+zoQmSkAJ0q00y7tDxj6Zqf2i8ydm7YbWaN7kQ4ZQ=,20160220,20160220
fPMyBQVV6cAvTAHgne3iGC9CyHwJNg0SFuwMgtkTGY0=,20150216,20150216
ZYOl5yj9Ix6HEN7evzU4cckA3ZAQR/n/tf9XWObclUU=,20161023,20161101
RirEKMw/P9I0aSn0Chs4dySmORgYtiD6By2l51I4X+U=,20151225,20151225
nd2B8v+KNZK5yoCBsMia8TP1LuaTE4cyssFEu9hypg0=,20151107,20151111
QCLjbyhLWPx1dV5hoOYhdeay85trN9usZlbvfAqeOQg=,20150804,20160713
RI0WUQigh6hbPttUFQlGlSN37KPNhmkMhfp8li8VwBA=,20160924,20160924
7Q0dlk+aQxLTU5eWqfyG5/7x46W5O7GRJUzqMY7dSaM=,20150929,20161030
5PLvg4NvTn62iy+X4VMfkboWTEtZUsb1k5bNacwrclY=,20160724,20161030
OBVtEVNGl2P37T/b040yA62/U1T+JXfLfpCBGTE+j0I=,20161117,20161117
w3MtQtasflRgmsEDadqO5TfvZO4pl4olMdam4A3jHjk=,20161222,20161222
IzvJn+xgwPwsSKruH6x+/d2uql+icXNuXkWT9RiWc2Y=,20151107,20151107
zg25orpLT84eg0YUrE0bvXhTtDVK54hKNmegzt9WZII=,20150212,20150212
QvvfyAB8o12IeaMYiVI/4NXxcPrNXEUnoZ5gDuG5Wfo=,20160907,20160907
cjjqCmggAfpnDRSUD4Lc2LGxunJqV1VfigYK3gX5i+U=,20160517,20160628
SzsL0ILAsX3m17XA12nbcRT3HXF52kyrswOucMYUKMQ=,20150317,20150612
4qQgNFSyFHDtHJSIlnt401WBOjkPB507AoeecBhpW7o=,20150420,20150421
q4H8SmodIkTMaxvQOv1aJbyhNSKh1X/KD1djCGjH5sU=,20150927,20161114
Y2bS4nybp+p+6/kO3IIG2YTwXXYMuql7qzZaEDaLNsM=,20160116,20160902
EaXXRFQre2NqM2sdgFM+1eMyuuHKAOK7JzdtuUJTNGc=,20150810,20150810
4BwDVlcy9MNrIiUX7XaUe/s0KnyGBieBFYfFmZdUIHc=,20160606,20160606
e2kczrTaoACCGVQV6uF6KDDZHwpMfBu/ZDxSnLot5G0=,20161012,20161108
uT1l9yI+HCi8uJcgJUx1m56Hs5cY59hA0tcVSdQfEs0=,20150814,20150905
YTQ9cjDQrlmOEayqcJT0eiYh1VWGNAbnBYGxue8wr/g=,20151024,20161031
G1xpKU55+J5/flpqKP7d244cGlw4RJ8nRBzwm5lgguI=,20160331,20160731
iUFqI0nCBPJ4WtAxVoga6jxzd3XyBaIo8yh8xwzO9yo=,20151019,20151019
HIasc7/q8uoXUbh2dP5tiSaFJLwgWdsIDNGe1cHJZ7A=,20160618,20160618
HKnr1yAI+JZ3zTVTSAiK+W85SIsqfxw26GPeg5rkFAo=,20160228,20160228
StLMVG1bMKPRQgWTX0maK+wt/guAvEMGi1EDslAhlyU=,20160622,20161117
H5k8f45UPnQ6yOvc9LfW/mRmyxG6Cl5Z5RxsTJNgo9c=,20151208,20151208
/GpOqacld0O2lSLc/ECGsziyqv+J1o+QnAAlkFv60W8=,20150818,20150818
zIWy50fv7SykQENICe1+a/pyiKckShXRVGNxR/6JZUQ=,20151121,20151121
Nt/3EL7O8Es0ZR2iMtIbyygmNlEJOLjXvzqOIGQuV1M=,20170120,20170218
OQKup+58Yfu14mpmJgGXIBE9WetFnr3BLQRLUBMqnqY=,20160610,20161126
tdFCdmaHHii+HuesU4aNovVYGv4XXAC39v9n3vTTkBE=,20151016,20151016
QoZNHACMjURekthguSWcHGFgKmwntDoFrpAhvaMQANk=,20161126,20161205
ufO9CxpvGyTbp8Biba1n7Vsjv4PQMh5AqO4whQkQlhI=,20150223,20161028
td2xFnWSNDvPyuyQ71b1Zj3BJIa7ncH28GhAeJrxGqI=,20160324,20160324
FdAkU8W0fndbNBvYJyMVaU8iKkwuRCkUM9ToROcjf1w=,20170210,20170210
iGrnKhtZnC4rdylIZOVF12vk8pCG0mfvgMyzmxobvt0=,20161022,20161022
uLD7+BMuityevhi5DGPj79Aeq2R2/yRUM/AeT4BJqlI=,20151119,20151119
8jgegJa0kLGkn/b6Mp28TiT8SuannDUVw6gk5bioFv8=,20160620,20160620
m2CaTyktQ20TMbtjkNSZ4GxJchxTZtaZWULWQvl8OCA=,20160706,20160706
9gyEQhioOSjuoF3bj+9TeUv11Qvohp0wu9tgL4hEwvg=,20151013,20161029
fbgB37vAVRUJ9Gq7yerdLY5WyREHYuj5C5jtpkCY+tQ=,20150129,20150612
0wmSIUODhW/Bay+bo99mxmKWyY2XiEdTnbNzpxwgjfM=,20160801,20160801
ss3clT8110T86qxSYEb9UWT8IXv+E1Roklh7ZiyWRCQ=,20150522,20150522
VjUgZufpVjvNXWyq9aC3ktjzN6yduSZjDOPto1UkZAs=,20151031,20151031
bIkZpBFB5oMkUOmQvxn8zjslG7UUHJXnqxb5Q7cSjcc=,20160124,20160219
koxMDlQtx+7PvAcJdSwpA/ZjfhreySNczvgmQlI8tg4=,20161106,20161109
2wDGmPYh+1Ti6G8joElaFPYpg7KEYPlsNCRb+LS9cZ8=,20150519,20151212
TB2zlB0Z+jJJpSkJ07y+KvXpDkaOOc6wlgweAkQGWs0=,20160120,20160120
HZ4JAixm16xHid+ENDs1uOrrycj22zjCSD6kvnjI/sk=,20160114,20161109
FfKQT1l8E4Bw8u5vDyxkaPpmVvxyKZSfIlGb8KZ7+Nk=,20150821,20150821
vTHlgXyCM8Ak2F9bdqi7lSJDOOtJwYwacoUedwVjJn8=,20160711,20161111
JhNoqkG/ZEiIcHJYVBgCSeC+2G/LIHbrwRLsrHqtPpE=,20160512,20160726
IoMuuAThGGZ9aZcM4jKwrJnZiXx2LqWq1JEoNX7olYw=,20160203,20160203
yHQuOPauqOGye9ZZm4s4uzdUq7zSJ/OB9ltW3tEAsRQ=,20161122,20161122
H6SGXKbCWHrbTlosvLzqtzRXYrjrvFXXTDoibESowKI=,20150102,20150126
Ih5qrKU4PbRwAAOjGllpdogcC+FC6L3jrGKBjz/eoRU=,20160514,20160514
PyiRQxkqpISjLJ+cKlS/09W/7WH+QKzxKwM6O3S7WGI=,20160327,20161117
U9o/9fEiUBY6SY+6EAtHx8rnn1rhdwMAhYN21TQNArA=,20161210,20161213
C15nLRlKJj3Rw++xvEMNfQYIYnmw+mFijUVd8w0XPxw=,20150406,20150406
b0EU2pyLNBqquhh/cF9sl/AGuKbi5nwUjimV2Iu2N+o=,20151024,20161122
9GqRgrxvWqSyWYQSnWFtLWptBLtDlimlobK6GdExeaY=,20150327,20150606
GkfHf+U2qFud/lV4N4PQvEBskRjecj9dVtt+G8tbMBU=,20151223,20151223
pV5gQGosVYhMZ/TgYfi/Wwbqxzu9VOcKzQFL4xFK4NY=,20151214,20151214
DlgNyhV2i3SUpRC75clefyUtfMHdGDGkDktACElDUeg=,20160314,20160314
+AJ8SqViuJU6REYwcfcT/F3rHCbmZe8XKmI6CkKGhKk=,20161229,20161229
YnKFBXUlY1PeKnpqCZCA6T557EUM67sItuolBeNPN9g=,20150923,20170303
kxXT78ZfvEokmIbTDEBx/L+LU2BxnfmETEibGBww0vI=,20150819,20161111
IukfDja+x45lQmI940avCNW7VUKHh9uSov/zoDOS+t8=,20160827,20161030
TSDaIAZpZI0sXoughmGoVX0jW+zUn8JavpPtPRlpnKY=,20151109,20160713
ykuyhbYoNQqIJbshOdWYOpCPQQAUlpxlxtHZYmKZVSs=,20151028,20151028
M2XbrlRB4wyni76MhbVI+RI7ZxDgJvPJ9chmluqWpbE=,20151125,20151218
n5ER+5vOiYD2msbvKyxDS975QGEeACQ5GkVt2OTvzZw=,20161123,20161123
nCdFIF9fwhTJjW3SMxq7c9bA/f+dFMXi64GgvkjBUmI=,20150309,20150607
6BUqPRdSs4NA0lXoCZNeOrvxDNvqDlGwgtQvFQMJdIM=,20161217,20161217
r1ukg5cYAbV7k9Pcud7z3WzkL+iWbtUX1A+ag/bQ+ro=,20160425,20160909
MmIMycbXU6XV6EhBxai3HHeIVDbd4MWg3aLlPNI+4xQ=,20160811,20160830
Y9Y8ABzLlohJzQTDhkqNLVGJ49Fulc7LRpxrtgZT+JQ=,20160803,20160803
JtFY2Z+SYaeEEKZ/gC64nIBoTgMejv/wsuaP0VDGr1k=,20160713,20160713
GGO0CljCHBEIvzaEPabGbf1KzwUgrw9vfk2+ut4TGig=,20170202,20170202
tIC52JKCkavgM0XE/VWQ2gcnlMQxbGEHmA79xtuuSj4=,20160114,20161108
JVbdL7VTufFBAJBnI0maCXMOlFSCV6UbMxj2jx0OG+o=,20161201,20161205
8fx6SdTZBX/DGndNeWGZrJ3G/Z6ylRibUVh/cPCAyZ8=,20151215,20160306
b4qomd42R0qORCS5HgeaEmicmEFiF+Kf2i4YAKrF0Tc=,20160303,20161028
PUEOH8kBeAbVZPbse6JBz7euHhZHpRlp962y1L6YmjI=,20151008,20151026
/63BwSR9029vws0nCb7Ypk9Duuihc9B7QvO/mqzsyks=,20160210,20160315
TwLfNavoItFOfxVNCeLFfUs7MCEJ5znWx+aqFbMjjHc=,20160126,20160126
+XxvZgN6yPSx82IkNPGyveQzLeuPDnRNrE9TkqTqxB8=,20160811,20160820
2W4Bb5aOgQMWl3MtLH24XXi7XVBm+HVHUdwy+r1Ucg8=,20160712,20160712
hbP8dG+tju+iftuD/KHPirUHEh3GKjMBgEyvFLDsmOI=,20160110,20160116
6xjleE3RR6x5Ol+qflwOxzXIj4l3xHk3igY93phXGN4=,20150410,20150413
6F4t6JdoxQlHBkJgbT+oLmr36DopxyPaUKh4ZdqKNJg=,20150920,20150920
ROt90bKxvs0Ub+4YghNqF2jLLetJa7pTrT/0jS/x+Vc=,20160407,20160903
crbVFHDs9VMjeFadxlmFCJIUxyIGQ2Tr/Y7i22i261k=,20160112,20160120
7U67gkMBqqrI/nxZKGIqOJ6TCq4kuUfCAJFfurX0ndQ=,20150411,20150614
Qv2WsP8UFX9AnC9D2776deH/AazL26Q5KexCGN8nPIQ=,20160915,20160915
v70LOUAL0hkDicYicMtUvvj8I8GgY5n+e9ApakdoWBU=,20160104,20160104
N1nvxEwQvYwRliRas7efSQv6c7I1ni7sVC6ZymoPeE8=,20151013,20151016
GrtnbsINOgYfuaw75sOKMmTlaXpskzkSajk7GfjJLYs=,20160204,20160630
eeAEi0uqO3x0tHaIc4u+S9nRo2/nGbSbgEh7MqnnKKo=,20160712,20161118
JzO10SZj5qzgniRxSvYftmNoy7VrKaV59Op18qwdDKA=,20150412,20151022
3W7m9MrPufjV4zlKEqA3/wVvEULQ/pGsPVPbgVlZkVA=,20160729,20160729
ZCL0bsWqEZjY4PhgucQ9U5B4cL7Naeqx40BUvE3Qnwc=,20150708,20150708
ba/ApwRX+kjyJ2cvPUrCZclaZkGrq4rbjHy1AoO0caQ=,20161229,20161229
FnQOBUDp7gbum46fGHTAeC1zq5YBzuKwe6X5o7xMfgk=,20160531,20160615
rmlTEwuhSXljc2hrTwbr3jhzxAW6i+CnDFXREhBDx3A=,20150909,20150909
mx1BzxuMdG2LuwpCducZYGugT5MAX5UClKCI2j8B/Xg=,20160412,20160419
Q9jgncc/KAPnqm2bGYYPwkvI4dzqLNmXbUfgKg5cdiI=,20150706,20150715
3BxxLyccDRboNXoCQrPkdPBYirD36c0kfqb0ZBrDgtg=,20160422,20161124
rRJ8s5PhTxyaZ4AYdQJOQLzWrWEowu4Q/5PYZXVR82U=,20150312,20150312
W9wUoOYxxzYlLLoFxAfF12HRCzAjGJdkyQD95xlmz40=,20161222,20161222
blPOf/Rmp3qO17MsMGBPUjOhkl0eW1bWiwnXreYpEtw=,20160408,20160408
p0gphmkikWbrPGAdCEe9HK8uO+t7W9aQYDPB8JPQaK4=,20150728,20160411
5JhMXfezcfkxcaDigcY9xProHssvh7a2KOGqZeobYKk=,20151210,20151214
B8sLvCQyf5nBkmwA77zk2ghv3o3N5zwDEvRnLmgUi6I=,20150818,20151231
6we60CZ+HTX7uf3YdC3VB9iwA0w85RQa/gLdIOFxiyc=,20160801,20160801
NqTqsN9C3jFiyH68WkvIsJuN7u8cvT1/1Cv2RfM9DkA=,20160115,20161129
6B6H0l/Im/8mHIe5E1Hqgo8SWQz79tmR0Bhr2nNT4vg=,20150116,20150120
X+NF9SOfgtjwSmSsjeZCZOFzoBvJdQSeiOyZKXfNqJ0=,20150204,20150612
/6YwKlIfpdA0a73d0Q5D+kunwjorqqj7zlyFE5OTZ1U=,20151113,20151113
qjGrhw7/bHA6kmRXK5eI3WkM4TUsNxOKTEbEiOsAH1c=,20150328,20150328
YKIYWSezaZNyD4LyHdO5FgXF01IxZadL9AiYBKZs9Qs=,20151216,20160907
uMtFAuVPDO3DLeMhwptXQJ5OHazeMj0QxBrUhI7SMhQ=,20170218,20170218
+n/8+Vlzt4su8qF7u6vTnTIGP05flCnhS55XBxQ25s8=,20160531,20160731
BORxb2Wf2IAxsTBgHp8hxGFvbULhUsSqSxe7Dz7OIwk=,20160115,20160713
hF5bbHytbYWnP0Jb7GrEK5g+GthHf/j7hMvIyF9VpZw=,20150709,20150709
RgJ/7JU/XWhcVx6GuGOA+ejypKz+vjUA8NvzVwdFing=,20160412,20160412
AlpcXTpSbQ4qisNUl1fBZfV9DfRbB0LRAkfgFHn/qCQ=,20160602,20160606
wcLktemB92VVYQH9jciRbV6y5mDhbnm+43oNhEqI3Zs=,20160131,20160205
ngAx5deerVVVXW08E86J62RNWb/sO2G5s18xPH/be8I=,20150124,20150323
9FXVasNZg8cyKK6tkl3E6N4fBZuTyOqJZJeLSWYDYE8=,20150912,20160226
sTv98jfiT8S4IC8Bk7Ske8/H0isz4tzsk31nMrGX2A4=,20150329,20150329
wWoD+8hJSp81tUXeLaWlXTLyKQIMxLPFhivYCFKB5lM=,20161021,20161021
JzVeS5wkmA7Pn3bCKJFVpYFMqgB3PFHX0ddrGKqUkK8=,20160629,20160629
Llc2Ty2P//JFiJQkJoLBiNe/TfGKrEIz9DoFdSZLuEk=,20160121,20160121
azJYpXscj4w1L075XQgr9oC93Wx5Uej1jbETSQd5aPU=,20160203,20160203
fC5bOiW4O1f4DBN1bfnDaUiO+fXTKNmYj0D/u5sqoCQ=,20160616,20160723
6EFebFierJ4vTO+n+3s3MwNpjXp/zrdY6NUjT/01Cyk=,20170205,20170209
GkSUlj6gqrP1hO7hoNR+fzzvglQDNuHNJmG2Ng6jpYM=,20160728,20160728
arlAuZZ+7APIGbzF6L21keJQGfY5iYUXDfQ/Qvf0eA0=,20150610,20150610
G8II+Uv41/TNRjspBKkt1bBo1I2XmSbIA0RvdRwtfVU=,20151117,20151119
uSL4nxlQxZ4tqT95D/e20BsHNfNM2pJK3TRQQ4N0qNU=,20150418,20150608
fCE6tcc5UeKPBX2Nsa2CgjNhXTeMLowYREW51I/g4tc=,20150510,20150608
uojgDnUs6cdTOd5SlujJtsy0Emz+1lzRElp4igJNees=,20150320,20150612
2hY2Je+44n7wzgEYcNhBO8sfoUp7+yERM2p+rGw324w=,20150610,20150610
ye9IF2bm+i0oYopUPo2PfTTNI9DOVtAaYsUZM8FxQvo=,20160801,20160801
dZOnvK98+8GqDjeDeKX/GhpxRDZ17YBZdI/OjCrSyAk=,20150602,20150602
VlXtf7jAs+GLuN5lvOQD/KcqX7qGzm2MOdINBN/KqLo=,20160811,20161025
XZ/9PAehEv6XkbIKLvraV+Xb53Q8fJgGCGqld3P8/Ws=,20151219,20151219
gJGpZStDmXHjq/Fnsqbv83WLxV/YwKUy2TXHvek07l4=,20160307,20160307
+7mFvzKUae2FN6JHPLw+Bp5txSUwkFsr9FQM3epaihw=,20160914,20160914
Xtya3dFtAxA911exXP2zYU9f48eFv5y5ioF8zFhgdwc=,20161215,20161215
rGJQZ4n4lm7w+diAY77/bn+mOKlvSeMWCscr7MLFCqI=,20160506,20160506
KMV/5SDdqd5dkohRAZZjjFCh9KpQTfYkLxm+pJdEuTY=,20160317,20160317
xTFUTWLO7MVR2geYZWb8AJNE275rcEbO3ua3nS4DHoE=,20160706,20160713
5ipMH/z4vyfYInNkGmHv8NFMTt/L77rPwZNmo1IZEZc=,20150605,20150605
ZntMJnNdMAONEV88OXcvB3qbeKxhHhG0auIVi8/MSXU=,20160417,20160418
EYAo7pR1MDsDINIoTlMYLkUiE2ItNhSl56WSHYJptTA=,20170204,20170204
+g9tIQXIdXcwBXn5W9inwt3WMXfO77yCLStMuUac8IY=,20150429,20150502
0EOYZOBIL7aGP/w3zcTWjDHX3mVtQbgdDX19x1rNmIM=,20150821,20150821
8guAIWgrtX9Jvp08vTEkqV1k1P1cc1jngtZs5UoSti4=,20170224,20170224
s8XLjuHUce2ppDZhiuyej8jRnDmptlHaFclfdu+FvHg=,20151029,20151029
B1cP5OMCjzpsZSOaYGp4k+yFy8W9dEay1AXEG2nG6wo=,20160111,20160111
y0hZNOhzUtwHgm9j6CB2HLqKtgc2g9hHWn9IqMgzobI=,20150504,20150504
xFcQ2oKgRBuFsmdvv5zAy26ilao1J0kPzxLVQdzgAuU=,20150201,20150201
TN4EOGuoTyDpmNV/fVztjImSEI3/5NstFRBWQ2yZgcU=,20161204,20161204
SN2qmoZ8QZU2B8D9V3CSwrCadK15bwt52beapcz2nNI=,20151103,20160901
IMv6OfW96MnaJjpPTQZ2czkipTinI07671oTcIh/uHA=,20150204,20150204
X9SjOeS2HpQHXbKonYWBS8CKJN5avKgzrTriH9kUedQ=,20161201,20161201
LXqNhFpbJdvjen7SMM/bIymQZDJsDAXMvG7yToOVvBY=,20170202,20170202
shY1p3nxILMu0FAqVc3D7pwd0DVu2OdCpHwciRXGvF0=,20160923,20161111
OGJ2iceoRnzbfLGzWBg1Rxwh/ilvohZnhMPjO9aHUUU=,20151028,20151101
mcBZs+11ONlh6O8m7QTIK6K8Jd/4iZMhVHXjorYv3gg=,20170111,20170123
Of3FGuYYr8AqRRQRV47mvsA+HpxCjWZ8hExHmerHM88=,20150612,20150612
OsJucxeXRN+GIlE6asLgwZOn9cFlynESUsyyCXlr9js=,20160908,20160912
xQdPneFPXxg+VrOMw/Tg16DnSeXUbSq8has8HIVf4rI=,20170203,20170203
wW8NQxZGuFRvM6ccc+LLgZ6rzlHsCrukIRW+kd30Iyc=,20160620,20160620
1B8XH8ZtqrLRCKma3p0WbwIRXGBEEa5lAPOaMkMwRBw=,20151108,20160827
OCp8ymrnZlBEihd2cz+qfNaKenhsc4T88hJ/bquBWBc=,20151205,20151205
trDQa3W3ZAAy7m1o1ypUn7PK+YCC4Es4/c+2eb0VLNU=,20151115,20151115
UrHou9cB2DzxT08eahVNdeWvNU9gj1+SDIv6GW7TIDc=,20150217,20150226
jzTwipeFdLpPjmADsRgJYM67lSQmedBWtxsm5L5eCYw=,20150818,20150818
aQvlnnFz6laJw5UblpVO4RKOgBAiJC8cbZ1qhUqMUw8=,20160719,20160722
xSOE/MVjzI7S6eHuNYsjHqCC9dtgx4lyUdYbYN9UPcA=,20160103,20160103
O6kLrM1FsfqweIdc42Ms32YSpzjcu2TrzamS/Li59I8=,20160722,20160722
EZ7g1ETZMmPKcZ5CJYYJGomUEeq32YZMmANf5fAdttA=,20160309,20160309
HoNzgZEdbBP7lr6JYZwr5Wspmwjq/fJySkMSuFibPfs=,20150318,20150326
5Mo06kUhOezX+T69xyiEDAmH+SNpcnnZsa6YbG3qctU=,20150513,20150602
txEy3oEfti0kgTPX5ZdZe8ayOU6ITwa3C1q5dcmQgEI=,20160831,20161112
tL1L67RXgfMwx8PqckTICllCZmRYnqH2jy//udwWJPE=,20160424,20160902
9Q8WIKx/7AYa3X7OAj05TzZhHorugkq7ZwfaMz1Oyq4=,20160605,20160911
BQrWu3mMT2fVyqUcsy5Eu0uyuQ1VAXrljzlqanA9vwY=,20160912,20160913
xbFpYn+bTHBdkNGWObE8dLVaED22fh9K8tUOxqGyKf8=,20151017,20151017
6vkAUGrL0LNQNPBuEZBIscXhQ0aH/EnEt71v2WgRWkQ=,20160303,20160303
uriY6i8mwUXDJYCAKQRWzZiRmv86EBXFuVNGVBY4LM4=,20160828,20160903
w53skzpEMacP2Ke6bm+OlUlmsP4ZFbqJQo/+nas74o8=,20151205,20161103
9xR01NbaXpw9Je2xhpKh2/xHHbVDUz+TCORfyKeYCao=,20160407,20160908
chhgmCexW2iDVkRhazsRPjY+s72NaZomMX0AHdbNhjU=,20170214,20170214
jHanuatOAaTKGVJHk/v+RRaBdSjAoSphQXAtIj0cJvU=,20161127,20161127
lhMkQkUiBFSMggKy8hfK0fMKFdq+udd6DfVReNW9Ipk=,20160716,20160716
+oB8CwzCHJDf7K55lP7Vf0N8MB3pEprQRcON1StTIcc=,20160422,20160829
jCE94RozrPszBhoAdByQmWTutIM9wp5Ofh3km1ycwCA=,20150115,20150122
85MTH40qCc94tpA6YPGO7wZXTtNqpvtbIEvuYQFzcBE=,20151007,20151007
234sQpK9chyS0rgULXH+MPImDIBxxGlLphlOF9mY5Gk=,20150411,20150411
f2TvILCdsLyIYraELpTeW91XGS5hJN1AkOmCHL0QyQ8=,20160310,20161126
FR/PW6FVHKLLks4V97CpPnnQjfidkQQMlUotUd+bGIo=,20151228,20151228
XJFJRBtRtDC7hCGGPnXw1Fw6Ml1EC9BmNVMHKql1ayw=,20160109,20160109
2vD6ImymH9DMo2O3WfkK6MM64G1zeN/GsMfnEG7aeFU=,20150927,20150927
rYaDkoHHUX5glHWVyyl21oV1VJS5HxvPYy33WhyHWG0=,20160311,20160311
C0dwy/VGNbLs/9elN4N+eUwZcQmnaCogwCMlMW2QffA=,20151030,20151030
tpL0jUzaymUjAqAu4B+x5blj0BNSDCDdXGrFBWl+nNM=,20150822,20150824
+JF2Gry5NC3ADwY1IR5umgq7IybMbPfbkS++eMnegG8=,20160423,20160423
YZMeNBA7S7cH3XbdkMFY8G2HK5D/fSDolNLpgHAThUs=,20161102,20161102
V2+sseOc3qph8MEIxooeMo+txr5eo16iM/i/0WYvmWs=,20160107,20160107
fpoeuQ1kq4A8z7UHZWxcG/NwYg879UIevPd5JCmOWl0=,20150422,20150430
8FemaegPVxtGAPpFQ+JHjqNan1kvf6wiKdSqekW90PI=,20150923,20151006
GWMUEFl47BzGkDyV8Sz1SMhtYXvOQ4nZZydzkBrCu/g=,20160723,20160723
EkKzmzSyC8vV/Q+1iofzrElHaNfypSHewqbq4pVlWSE=,20150212,20150213
PAjFTH/Ti1ax3flJLGhubdFmKnv6K/fwX/LGcgPfc8Q=,20161016,20161221
KjrWA6Q510tP+z9E16wzri5U3xmJyHs2+loMm6ag3Kc=,20150224,20150612
3SaSCKd80/0GDVxJnlTkwvp0GqMvX9QK6L01R5p3P5k=,20151121,20161125
/rgc4iZlA3vx/17B0kLiFfZsvMWWaIOPXgWWGGVKD6M=,20150906,20150906
EWOXeYjal8FG1RTeXQknVp/D8p/LP4+ZLclQQK8cb1w=,20160106,20160911
8nqjXQxgkQ3ljdXLJLtOl1rE0WkMqexmFnB39pYVtYA=,20161116,20161116
nxJlV7TpDj6c8zJwoeDTmTo+lMo2VNTZXiY8oWQdMg0=,20160213,20160213
9UnS3/3KzHec7OkB0CmWP36t0HX6RZGKGSMr2O6xcYk=,20150404,20150404
/WUfbl93Yg2qxofeB7pQMVQHAM6a/xgvzC5/oN8eHWA=,20151226,20151226
stBDuXwn5NLRxHch+utMFA9GEjC01IIbZ7lvee6CyVA=,20151203,20151203
/TCdqdyg5cKWioc9c7V8s/9dGaQ7XPrrAxjQimR5wF8=,20150715,20150715
JwSX5gpWE5Pd+Mphggs9Z5qQmELLFTr+y6oYvB/pYGc=,20150707,20150707
43K1ULMbq9SZbvZGZa+a7apVq+WgQUgTYnIRIHsL19U=,20150505,20150505
8AsRMDY6ZdPSeE7Njj/EWdp6rQNmyg+aFB6U4Qbdceg=,20160410,20160414
EFndE1YtPIf2UgWd6+E7lHwwjZ23ypGRDI0o452wYpg=,20150922,20150922
ZRx/aa9a+GNu6pi8DzhN/K3vpUSpK/2X58uuvVFaM+s=,20160721,20160726
4a7clfmmCEvxzELosOAQZbO+2EssQfvdIVHCiae7DCY=,20151211,20161030
N1GD5da62t1CtO84JHupVfINMSDxAb5Emai3+8jLhzM=,20150806,20150824
PR0LlAHZ1MYx+063vjJ+NvbT04zGpfDwFd5vrh5eOsE=,20170203,20170203
YwyzbTrdXShrSCXTDSzdcYx01WTyOdPI8AN276LYsb8=,20150923,20150923
jkMo0+brXmMC3XpJHTxieP3RxrQd5IJHgTaxTfXq6Cs=,20161115,20170101
vfSkZSquoWc1xZBZ0ydVIf1UY1eQRvzHqJP44p5dLBg=,20160204,20160204
QDy1kFjoYQ8NhBlgyBTnf+cW3u8kiavgYcR0BdSGXp0=,20160423,20161029
UmyeZ8b94d8mGpTfpbaCNav/iflhsjaNH7WLUVTvgJE=,20170108,20170120
mPPrYL1D4nPQLfZFMkeWpNbePZygutJcL0+GB/GuPy8=,20160403,20161028
Nq4m1Zlq/frdTYKhOClzfmyu4X906LX5weRyPHbyFzk=,20150127,20150313
vW5jJJ+lq48B44iCLuEp3d7qPpDsEO+HjbjaT9ohqkU=,20150613,20150613
XCIf11+K7Dngf1qpbMQ4Y62DaxOzv2IrMzIytmCIqHM=,20160215,20160831
B8HmjJvPFMz5Rqs/gE9W/NJmRw6RI6z/8WijxTghg4g=,20160513,20161107
Hle0vjX6QV4Bv+uT+L8sc2YKiH/aS9Ipl9LxxsQ9h/A=,20161125,20161205
bpi37rGt8F6YeQ8+pCMBGu9s0bC1Snt8+03Uo+uc0hk=,20160817,20160817
JN8KTW0KLrrWeniBQhTEmepS03REbXLT4uNYPFAR5Uw=,20160430,20160908
KcoOF22okFtVraMbyn2Ys923Y8kUpTxuEDqgBnNUMjU=,20160128,20160203
Yuvs3/X8QQl21IF/VFUU5MtP7D9lP4OFkuLjhoJwJKo=,20150719,20150719
9baDlgu7JHBWfaVnzeExFim5OJG5Tq+vz9u92f12I2E=,20160830,20160830
zRbMOFxmQYu/kqYGsdYIJURUPqHNyaAFOyieLzpIP0U=,20150117,20160624
LHxi54vWMyoOJYr3glTXg9f7dbSczvjDCRj1MduZG5Q=,20151122,20151125
DDEG1Bi0+82s5kkgonSanUcg9e41ArtmFFEbuEUddTE=,20160831,20161101
RTYuTVaKfxFc9DWXPLuzrWEygoWj8r5h05WCfeqvh1Y=,20150614,20150623
lxUYMaYUNAqNk9bj/37nO8w5t4tCiIZGnlhUH2yG7uA=,20161121,20161125
RHeyyRKp/CFIx6JLuMU56U962shwiIxH2Xhs8EgKUzk=,20150805,20150805
HrUdF1bhxY6KjUjZqyh6qZlr8JEpojcYdIFqKHfM07w=,20150912,20150912
luGy8hG9XxJqPma634Hm/lYqw8bozcafEhp5l39DoV0=,20160617,20161219
Fv+/hCnQAIvJk12yww0+3Wpizzv+Xget3UOfUHnRMqE=,20160516,20160516
coKm+cZ0Hd3Dtif+UYV7b88axaBMWApMUT4RJD1tNgg=,20151206,20151210
WwAiXI1ExlVtJoKSefZ4XUSlmxGXr9DLVG014Kn+AR0=,20150719,20150722
Jt/wbAR9N/0uwMWrJ2d/KmHvQGzDL8KLvGHp2egxkf0=,20160915,20160915
bSIGpDCpm/nq0sUUFpLY2ucGqxUCXfDbkEYxbvynDlM=,20160307,20160307
xcQAxxHSLZyzMCU2jXCDrC5UiPX/WzJVvTtQeT+jkdI=,20150512,20150601
cpvbhjwtYJSk9JfcWulYDyJWFjyublXRrT5QRPw7Q3o=,20160310,20160312
wPl8F5QQiFYqlPkBJ7Ge6IktDhefH7HstAXvQuY00vM=,20160131,20160131
g7duFQf2GoYFmhL8cnh1hbfjL+Q5zhBMRcPhjuyU+Nc=,20160423,20160904
qbVwgGbbKMAZvyJR5fLtflKb1/xLHuRmbhu6PUUiJ8Q=,20150131,20150614
rE2DHifekdbE3lVbXOhJ4AtRcjbqDCXsLqLZj/sQnCc=,20161003,20170311
or+o0QmeeFEyzApJBk8z7EbjpSHNcoGWTcb9fym0/Tk=,20151120,20151120
i1r/ucz3YCBAR+dKFChQzgVYPzXBmRJ6NPM4WPESu+s=,20151030,20151030
zgV0OvT7F6APhmxxJ4rBu413ovzOOPmdcmkguoNMSLo=,20150923,20151001
m8tGgc6wRtmRIHy32McazKHmQaFQmQW/iiBtvbAKVcA=,20150523,20150523
XpGYyiquPWxaiN/AJxdMNVK1b+AY7/bweQ9CxZXV+AI=,20150920,20150920
Fmnc8SnY0wErQW/b0PaHhO4zgLoSwgtMQLNNg4OvYTc=,20151212,20151212
NwrvYwEUa22Bn2EeMw800JM1UgFKqfzEGcsVcSAHCoI=,20150818,20150819
prEnPgLSR03KLFaoRKz6c0m7ajJwC63y7248RdvARKU=,20150825,20150825
8vW/C5CUZZiQIi2QBI1mP9PerKJWsefBM3/92bi4OHQ=,20160930,20160930
/RU+MLKMqu9qJQxfb++jsRLwuB/e+CAPqzMByb1riZk=,20160310,20160313
YBz1bpGHXA/DcXqwWlT6uGBodKQbcIqLlGTnhv15X8w=,20150920,20150920
x+BDDdt6zOPiomZHk3CvUrRXnYo3fjw+KmMS7hKGXVc=,20160110,20160827
jUPJOuaegfnTt7JSwJlJLRN3OmiTfaR+1IvxUKj8pTw=,20160827,20160827
4KwPucQL60s3NZJxF8Q5IVKnNKvWy43vzOH0YQkO6Ks=,20150816,20150906
4ykK86GcvWgn29gV8ai56Qmdq4h/VMk57qoXEo6lfz4=,20150126,20150609
ctqOvfRtUnQwejpb06DqeIbTQOkwMGM8XEIlJVocPBI=,20150907,20150907
h8bU8zflu4Su9hth/0hrUxIsxsi6YdbaCZkvMsim7Kw=,20151001,20151023
Q1nnUVVhku+UhVBnK8j3bLlHx2MxB3iqG1xikFHcrbc=,20150609,20150609
j4jtK/4+NmPf66lyp5YF3cVoehRSJ1bTOVOKfsEeXos=,20160502,20160502
9gdGeeE9iqNrD/9aedoGCsIu9mTQ5Zi3XOHE4BDcVvA=,20160103,20160507
HyrL7cGUlfc+KhpFwRQSkhSbhrkarui+OBLDk/OdtcY=,20150429,20150507
vRDydHfS9MlWkgVSmz09XnpX4ZnsRhyeSoFMY2bk89U=,20160304,20160304
VbsPgv1YrtaXw3tTNpSAUCKPGcXmUUQiw+AAjJZwHGU=,20160711,20160711
D6oA7dtfKIFQGl5CCVJWg5ZsL6uwtBsGU4r0cR2k+HA=,20170225,20170225
b/f1pLSSmYHnSSP8cYN9B6Ok0R6rpOksA3f3wLr9Jpo=,20150814,20150814
tuiktjRLQDjazT+AZKmlnnFeholuehFmnKHKsB41RZM=,20151011,20151011
9bupRaO3dJJpXpnUntrCp9Is68vCE8yVGZXXatdgiHM=,20161017,20161017
wL2SGmWIidgfuqpGpwGNYN8NX7bI+K/gV54Gei+mdMc=,20160305,20160305
T/sIrHUFcAnI/W2dBfGA87qcPN2+DozuxPJg5EAX7kk=,20151012,20151012
xpMTDR5499NWUGyozyO5LhkCitO/cqOjwWLfLyZnmTs=,20160815,20161117
g/sGqmATbgNFkrYo7Im/iO8F9AoH4yhJIzWV9EsHwTs=,20161015,20161028
4dYseNRhwgfAq+ZE0htax46Jhe3EGranG4occGp39NM=,20160716,20160716
PiNa5lR/mcGufCid0dlpnBHP2xIhsUqWaoEZ9cXkbec=,20151215,20151215
QRetqlzUJx7k+lOxU2ONFk8XJYN6CWEkdzfxJesCWek=,20150104,20150113
ZZgmylMtrWgCKr4q3Ck5QF52M/5HZcIWc4xB4kla1WA=,20150331,20161028
huoCv60braKR7jRtYHnvsLWuwn9NaAuLNT54e52aTpo=,20160530,20161103
8chZoRPXGQFRxwpUbHquUGbvQwxBr9UX8IZng+xRzCo=,20151121,20151121
eGTGId2GW//OIK65Ne/mx4eRgAimXpLyC5VScqEo6O8=,20170212,20170216
rYSr6nHdaQurGVvo9pXUZIsHkvQYG3sDtV/Ne/Sz8rQ=,20151027,20151027
gxlCmBIJj36eovxeInaK8DK774I6c5JmSmOHaGhsHGs=,20170218,20170219
54vt0xukf/8DjxXdsRcmP/ZlcvtZgO9Y8sWxjGYFW0k=,20151207,20160714
HmeO37ItSLP2yiURmOmLefWsXgQxa4LOdg4KefPeeF8=,20160115,20161023
ELqEvEP5Jy2MHiiFBg4ar7T+uPphWyCN7CYQcpcu+xE=,20160216,20161120
SJz1A8dMsJTgq5H0ZE0FENx8aFoX3mX1EbfXiIHYkX8=,20151215,20151215
TIdx8+fOl+CzDQgiLonnsayl6+oRjsJlSVNb4n1Ly54=,20160326,20160326
wsZw+77z3yJ6xI0wQmKuNeQ4KBXeAZ6AVhnLGQhFEsk=,20170130,20170130
uUxCkSwjHE0/Z0vNdYhxwd/HuLzwlOSeGgq1Y1Cmk98=,20160427,20160427
rbqKqdKRt7SMrnb9tGjGYNn3cq0FqRGEKur4Rqt+0xo=,20151210,20160910
BQLInwj/8SnjKFcF5WNimYrUpzIBpfGepU+YkZxVz+k=,20160814,20160814
6i0kyYtHtyfcbVmoomVcsABfIXZ/09O+ZXUsN6zSw4I=,20150101,20150101
FFi4/LCuXmYVeKx3Jh+ju2O8L40zwnD2a+XuArY/FFs=,20160625,20160625
ujrWjGs1KZp06BnR4Nw1F3j9PNM43+xUxBk0BUN1up8=,20150818,20150921
p4J9LFZ/R6dfLNSIyQFyoN4rHwVTSmw5aXxPIgdJ1wo=,20150806,20160703
335epVy5228hrXqHSFWP2XhIiTdTK59LEc3ywXDEjZY=,20160911,20161218
vG7hHvRHvNuNFXJUskGsNahftGaBSLXb945L+XbnAik=,20160206,20160206
7UDgmuGXX9Qw70Bler+5k0e877xONYHFsWzHWP4kspM=,20150515,20150606
kokPGBEesMj96PQnejffJZ9+XkovcVJ6nJSD6sYvT5E=,20161108,20161108
qG1eLqH+o6hWbIOcreQQ+Llg77gKSGADgfyOFJbITD0=,20150809,20150817
tVncFsKl4goUSHfJmb9nsND824DkoEfuU6xWAW35RQU=,20150617,20150619
+qwwi6SZtFouMRYEyRJlTouKKPUra3VktEpX6vlQWhM=,20161230,20170108
1K3HwmNE68bz3Rc3IvbAVTeOVuPhzp9vqRIjK2mJc8w=,20160421,20161121
jfcOZlpMXnIVYobWPgUUuIgwVS2s/FEh/DxmB1wi7yo=,20160824,20161129
jxs/69x8+N+IhDfq9WFwHne96zW54FYH5Z4eLdtOFsI=,20150725,20150725
vNdpBFlieuEhavSRrAMSnpyEJFJx052KEk6LaEsKyxY=,20160624,20160624
q9N4ICWEQjIRxA5XQJKJxsknS10P+FRwZ9+dFwf2jTA=,20160128,20160428
45ed6FPlSR56zZK/ht9YhnDlQR169C+RXKuHMwMU/Wk=,20150201,20150205
XZVIUwlLv5KLp8b5+KmS02oIUWrsPckSvRaB5/hJn30=,20160401,20160403
YYNy3bbw0wq/64nrWJ1MEzCS/JKT9rI1Vt30kfVraRA=,20150324,20150610
MZwqnNgSB3BXMCHqRpfte+T9sCeL4/XU5GJLsgV1oko=,20151127,20151127
GyxS6piyRMdZB6GLVfobh6byqJ9u+vOM7nK986ReZFY=,20150610,20150610
kv5b0Q/CsLNFx5zqvexBdyr7kL+ixsHm5OKPaUkSHiI=,20160207,20160607
7kaE55xqD+OqWXYzJX/cj/jRwwNwKHw/HMJHDyQBJSE=,20160505,20160505
hGafyM4D4uEt2gwBebQEvZaly7U2rpRvH0RHjGvLoUc=,20170106,20170106
/foTH8wJmvrbvyd99MjuySamJR6lymPRkqv21gnP8sk=,20151011,20151011
AOJji4P7g9kMg/2hIjcdNauhnnlJp/uRAk2JCDBI060=,20150613,20150613
j3dB7vfbvKkUhK+a2g5+m172iY7U+jEFkEiZfNgtMNc=,20151026,20151026
siq3pp0BLgqh44d735kPCgSOjpWsFlyRrBYPjiCIujg=,20150917,20150918
KBwlvNOqGmw8wyI4+1eIppgc58FIbuWsNM97BfftXww=,20160126,20161111
b7tzEsLSiOdmaCAIOourY793sJdlZkiGK5sl6MAM6PM=,20160927,20161001
3AOeOTs+BmspKSoKwxg/Rt3wLjWZtNv+duUmo34gaN4=,20160727,20160902
5etdxWuY3dOxk2Fc7sXYiYDWn/OqNaaLt6Qwed6Rn/Y=,20151009,20161104
5bBdVMrk3aSaDVR4Bj7/b92szIWNTueGkWi8Ms0VLlw=,20170126,20170126
l/h5o/3J9xQ/92XKOb80T+0Sh6M1J66bFeS9ruUahic=,20150709,20150709
Y7E7BSAnRfr+e0hJcA/wpX/AQhakj6IFQ7rRD6BBv3k=,20161111,20161119
jSsuFXXMGD7ZO+UdwGvtYtSbAeSlEAJQ0Aezt0x+D2w=,20151204,20160709
fxgroMGSxkNjUTApDceA7o5lxtBkC1T0iI01H2H31pE=,20170221,20170221
BLgMZ6jQvdtDYDXQCMUiRC36wivomYaLzhnSrbl1Dm4=,20151015,20151015
JiSJ0eTBzOVpTC0YxJdxb9TQOV1mQXv0d6MzxK6FqWQ=,20160418,20161116
XUFvFT4gul7a45n6Biu5lL35MPpi7rNXD8zFj15QNDE=,20160401,20161126
uxQ9rp64s74Ol8/sqn0Cu0s2gApuUyUMDNzhTUStd5U=,20160720,20160720
IH6L8F4frAhQIy+PUvDZbPJ9rshvVlox+RRHPUwPS48=,20151107,20151107
YSrNy9cz768Fv3Ae/y1tGVoNCgjHKnavyo16GvCVucQ=,20160116,20160116
arBloGySBIK3ij5tRkmVCPi8eVf16UJwNGb4OmF9nsk=,20151031,20151031
dWL7/sDC1DeVh2R2GTZaOn34Yfo7UtdznjKeRoZ/kzM=,20160119,20161028
1eIHybsNtSeQzmX5FS/6ODsfuwrCCQwGze/E1gTZhcI=,20150805,20150805
N4LcImK82iKyQvHNv3uZz1ROvW7+FkKuZE3zALrptaI=,20160720,20160720
FrWWMBeiYZIyz6DC/NnuLlqvpf3o6UJnSwVkVMOiHbk=,20161109,20161119
ACqbSxUdWs9ORJIzyQydhihd5E+FvJIUpTXE1gceOkI=,20151103,20161025
rhXL2UBftq6ZF+v5JSu1xQjrPJti7VjNPvFEW9Xt2qw=,20161104,20161104
pSkT2uqql0FaYvWvLkUQUoaC15QbGW9X8OAaxCYjPHI=,20150121,20150603
laS4WC7hPt2BzOYcu8DdGg61ZmiM02V2orEm2+N//WY=,20150814,20150913
+zsfG8Pt8fmCYFyh1+7s4cuHEZ1gLbBlghLZcAVgBcM=,20150813,20150813
o8dG3gADySIqSZLiot47ZmedG8h4G4kz/C/M+vXr4bo=,20160116,20160117
/6fwYo00xO6pO826dQjAK2/uMNTGNMOvF9eeTnmjps0=,20160309,20160906
ZVET3XYVN2eRaSZtpsBMe1l8wUX7JM9UYrPqb0ArKWk=,20160908,20161107
fDtgjBg0tW/2wra74PAu9FKhJdlsa59a42ZFZuwuMTw=,20151117,20151117
Ux8/HENe+09oVOwym8ZpW21NYvKtpWK/snVsMvV/Hig=,20160724,20160724
OtonBnkeF2R45/W3AQ0zZLNnCGNrw/QFwdFgnaEt4xU=,20150714,20150924
q/tMix6fUnTb+oeRpjRdH5E2JhgsVr3NHKT6pZKcKGc=,20151230,20151230
LBWFf12r4og2SVuDkHo06JwmJuYV1QwdT2zotnN1a2k=,20160422,20160422
J763A0rAF/+jEB4zGtLhH5hQ0YhFCUSSna9h5QrDZ/Q=,20160105,20160105
rWMvAR9FVLMm1Cw7FeJwIsXtn25A6ADR8rjq0UV+Q8Q=,20170226,20170226
RMdT5vFiETsAAE4vd6SZtbl4xDKykmEqQObPOC0s50g=,20151224,20151224
2O2uj2LRLtQPqszHV2vUsnB0VciJPCFCZxjM/xKFhp4=,20151209,20151209
BeoJiyg9WcDy1ZSLUhdgNTptciyTvrrji62ePl7fFZk=,20150718,20150718
6Hho3kbq5ubAko2B3d7KDN7rj7MKTryKFSawkmadNlU=,20150912,20150912
7lEaJwI/OVwIhSKAoAp1BfjEGvFSkd0KgPvKaivUQDk=,20150223,20150224
Gg1or34imD8NV5yRtftuDw7CrePJeaSuIEylKL3JntI=,20160220,20160312
IsX00VIScnmX4kzmtxHp4nQWavZQccCiGJsFwXElhdo=,20150927,20150927
+WDQ91L74hw/IQIAnp08lpXrksGhlikGfV1iN+fAHwY=,20151207,20151207
QhxO/AmPi7pgb29HeGhAdv9qH/Qc2chgpvIJXPGDd6w=,20161125,20161125
41kcHTN3WnZY9/uWwtpJ2F1GmbmFpJNwgeBFeYbDLzY=,20151120,20151120
k/tNyUqV/N8z2/FLRKFch250cntRhqq4l9nSd6Llrz0=,20160404,20160910
ortWy+rgYlwbueKYmwGbzHsF2+dzGouGWVYlIn3+LlU=,20150101,20150611
uD8pZ4T+oMvSArG16hWdlk7uWsm6l8K89i+ODFb/kLg=,20160812,20161116
s8st/DIf3E1Z+Ji4MbkER7zdmpNRU3FO6EJjIhUTCmA=,20160909,20161121
4NceW0pWl+OvYB+m9QV49ifw2cMbgmIcbIr1NM7YMFo=,20160622,20161110
iHhvJ0Yf2akGab0berbzo7iV1wzH/Xn4n9klLUy0L6k=,20160825,20161127
AlqLsYDxEbqu0ux+DIJRFw3XFGgY6HjSnNMHvcZxF2w=,20150814,20150819
tgh9xrpkZXFQeAKe4iFbL9JekFqemhAzViFBOcwzTkA=,20150201,20150203
G+wFWC+V4c80Ate9RtlbkSakqkxxn7tgzOOeFcSeyw8=,20150806,20160903
i3FSlGksm7uQZkKaovkezRgKLhq6Uc62fgw0ZcrM26E=,20151028,20151028
h3Nj7VO7alFo6BmPPUGLSiWc41BwHi/pPMTBdWq6VMI=,20160109,20160428
ONoG4kRjvHheyvf06Ai0KUsS1XNZe7fjstE4EuNiaGA=,20160618,20160618
awk54+cNbZnv2qAFcpIiyq6nEFmtWRYRLVFCmQIZ5dk=,20161010,20161010
Z1/O1uuynPbxJqGsbIbbTbKiknketOVu+L4pFREjv+c=,20151006,20161002
CTtA+oPNH9G2U1kvbiKoHbBx55CQ/HUa4QWwVlCPss0=,20160928,20160928
/Uhfjejsf1rpD0heGYsEvHcqMN9B0pawvGx4q4BQpdI=,20160126,20160527
8FbGSN8cE8dmlm8juNjBfpLS9UDYEWTVGDk9aAJx07o=,20150713,20150713
jPckZN3Dx7eN4Zl8cM1MzJ1WBnE+A8Ok7yufQVsdUgI=,20150908,20150909
Al+o77OnMnMfaF84MbUlfUX/PrF8q+BG9jBlNx6abBA=,20161130,20161206
Nqxd5Q5hUxWGxgODjgWvpv5FxJGsIfxjZK16NM+XkFs=,20160205,20160206
JDhIRbzR16rz3leDK/+9m7dfPC6MAdNTPVff4Sx/Zg0=,20150816,20160626
z9ZBoTPTe3bXeG7OIhI0rh8CVKBEoa+aFze8F+vBqRE=,20150331,20160903
X2BP51yDhOvPtEljBsafxodAQo6oZbKjTSxIGjUOrcs=,20170211,20170213
8R70pQzAxMOwREIVuJOP3m4L58weH7xH3mH323k2uSw=,20170110,20170110
q+ZjJx9KBeOF2S7eiV6asDu5aaJpCCSvvTJMEFiuIsE=,20160517,20161124
qORkIpI31mUYvUTHNuZ0+L8uoElGPkwpmHHrgqKa7Uw=,20150828,20150828
NiUgRvVJvPMGDPDosJl06TwMt9yLQL4m5OKByl8DxYQ=,20161102,20161102
jC1oOr8uZ5smd4mBqJrB2zNVF7FXnOpkUC/g8wD4umA=,20160126,20160126
s+fyu7vciVvDRXRv6JcDNF9bXLDBxjQDBnKAfZNzlzw=,20160116,20160116
ZagAR390zDzbgRtZ3/iHGX1Hudg0TLkjBSDF+RY+/D4=,20161230,20170122
B7sL0dUvU8fggYNYDrv5ks2llrP/FFlGIfP2hgT0xKo=,20160603,20161112
1DjVGvxSW7yGUpmAGdCX5ftUYXb6lg7d/DRcYjD5sxA=,20150720,20150720
CNUk7i6GYW7IFlAkixDLEo/yTCGSYEJ0RCTD2T7tkOU=,20160117,20160714
5ecLAiQmlFA1t3uGHpo6HsNXgKB+kYyYQoxg8h0Mx/o=,20161119,20161119
Hvl8WRXX0AyIGMGUat2TT8xyY3G7w/eW3j6HY366j9E=,20150310,20150603
Z1K+aakUgj/by1Mob+0IAICInSWjSkoDQNA5sWR072Y=,20160301,20161024
N06bwrYQgBJKW4oNg9pzgsXaOsAjFP273cQMqxy6HSE=,20150814,20150814
oTDvmFcLo1P/Lj/BNEuCKQG2bcY35mz1GsEdoRRrzzI=,20151209,20151209
41drZfdmkCTXJKIngdAt5Vq1YmkVdNIL7ma/cK/XZPY=,20150219,20150219
CDD7/43G+9a6xzPbUdOrVn6q0EdqCDguThJzTOooyzk=,20150809,20161030
NEnMO6hpqx6C/t5p86GjdsyRg8AmFOoCqtNFvDKFMo8=,20151027,20161102
C1xcVpVLHet+AwxS6PRpzWlK1/BiqE9YiKsYPzWJlE0=,20160704,20160704
bRUzvgkASBfjnFy5gQxkZ50YGma7BNA3a+tvBssOJoM=,20150723,20150723
xaYml/c0gxypO1uB6VvMx/NT/xPw1hLECmIsTzlBFCc=,20170103,20170103
0fa5tBFiAwj1XFRYR9zMiUeMetZQbyzB64aAN/CjV9Q=,20160213,20160213
qyo71C8fykZU719SImffrbYQOk6WWkVIw7NiwVpUrn4=,20160706,20160706
C+ueOIZe03u8OnM4UJFya7yIRNl9DPNaQaY/FVj2aMc=,20150206,20150206
lSuM/ou075PbPuvyv6WiYV20nvxongO/RLiJgW+LJRE=,20151102,20151102
Kt5pGSp6fGedCnlqtHCEyqe5Elo7RRNaosr3DKPao2Y=,20151017,20151017
lPN4NscTkHgZiA3lLstEQnltqOZ1k+7pAsM3Npajx/o=,20160724,20160724
MoO3AqAlm4idtRhXARoPPDctOk8q6EExdeLUYmRfojk=,20160409,20160902
UCWn1r+ndnVISFadPtG5OZA0sKfv3GdnClfsefWCy1s=,20151204,20161119
31wNgNSP7UOFMi8ZcJJLToNqk4zQUd5bhO3sPpgddZs=,20160720,20160725
mwFip7r0SZeJjofo3jjw0Y2Kj/GKFvvwvcftiRUu4YQ=,20160910,20160910
4Kv0LrtLENlgG0pmlIBeG8GWOPjM711kEBzA5YJZM74=,20160714,20160714
iFr5WcFHUGMHcAnP/QJ/gRp6GdWTjHvrwKgsl78L7LY=,20160528,20160528
1YX75Jf3xob+C5z3GozgildNFEQSG1uTbWCzOMiInIo=,20150101,20160702
QDHjmxnc0AkYVwzO9HUpnuoyD7pBibO/am07of3LaNE=,20160711,20160711
aMI+/Wc7H2YQ4UUYtO0ttr7R+kFcI1E2bg9h5FZqYyg=,20150722,20150722
Pj73jcRqP21ONihfG3h7WccZwhGwiXS2sJ0CXhJ/+RM=,20160322,20161115
DkwtM9DV7gtwHtbbYwWxzS9OM/mNFvYjAL5zvJWjtNk=,20160327,20160328
X+dj4aTR264GwkfOGF2v4FUt2+G3d+8HO58NSuX14T8=,20150623,20160626
MRklrCpmIKaFopHCxuMN7rb78xqPXLaSnqGA3jr7zbs=,20160420,20160420
Db7FfqvhStZvWoeW1Sa098RB68gtcCs3Codm62lS0zc=,20151126,20151127
r2FLAUuys4bH3ostgncrvBmv6EJYuYF3/hW7jjQWIPY=,20151215,20151215
dYivVLS6k2YX9uNMrMozCoj6De9UtDikd9wNu4OpPgk=,20170127,20170127
C7ACRUD7wojnyhZCa6SpldyitIc9qqKlQF8AhhEO8LQ=,20160330,20160330
GYEW7a89R+jPMOXy7Ug6s9p2flCX6X2FhGg1xHahcOU=,20151227,20161116
sUneYPYao0myViicTbOJ4RgFF6Yboq7qRjaSYp/5QNE=,20160509,20160509
pzsY95WRrlC7XxaoJkSrvc6vmgkOqJJRYBp6IBTl6jo=,20150912,20150912
pMvaF5H6MqD+1sPd7cCeoLXSpw+xIujzbpx8WQXluf0=,20161202,20161202
Hf8QBfo9AKyPBXYTrg3mkC1js81d8sBq+5PqUF8qSWw=,20160817,20160817
I+eIIbHaD5v0dehYBxvSbqvaenscM9ySpyCwxjk+kQQ=,20160117,20161103
hCccplXCGuYUirdaS65w1einE5kgKy/O5CEeqTV9fv4=,20161204,20161204
43TWFLp8Dxmr6jv3qydQ9S0uYiF16CDUXG+MUv7Wr1c=,20151015,20161122
4QtHwXPkKnRqNfUtj26K8rKp/21nJZEEDkq1Wzeja+0=,20160311,20160311
lOfLLSzCvKDsfj/PBfq68Kqq2dhhUCU1jkc4neOSA+I=,20151030,20151030
4Z/rAsQkjNrvZKtZjZwkzOaZov2rR16lGud4XZK8740=,20150718,20150718
wEJKovlnNKqFGqDyWuuHk7hwlRTglZIAn+byoAhthwM=,20151024,20151024
845aWtMyXe3ZJu0pXOdWm+75kiRzsoxo0XNxYrDp7FE=,20150731,20160903
ENbv1lr+vCMV+GTp6YbyB/GVzBtwC2jYTLENlvjGodg=,20150317,20150613
MCrSGbAAUks3pcynndlCAFwDCXflCfxdcUizllnO9Bc=,20160221,20160310
MGG1DATNfCyazfIZ7YEZMA6wC5G1mffXUZvSaW02rjI=,20160410,20160410
0JptHvue+WKxSRq0V3sooeykj3Nc7kOTpJEAZwPlrP0=,20160903,20160903
OI6gIcmQ5ZlyNLM+Tfr6DCWhi/zQPyVyna8FyXDkIqY=,20160527,20160903
pSklWSE7FejOwADw9I/OkX4vhCYI4zi40b52m+KhT1k=,20170124,20170124
tPZGgosCyJDVVWkTJ5uMAAaPg2wqq8OXPrgiVAvgxj4=,20150511,20150619
AFiQGzjHf2iLlsobHLdwiM1PNJvMGrJ1+VZCrQBou4s=,20150919,20161126
rSPpnhQj0r/oQadeB+qSzKIDlXuI76JjJyfpWhLoOoo=,20160614,20161220
JS5xEx1XSx6dZoJHjJI97xzxO8/WtC7y4ToYnJ9MUn8=,20151114,20151114
mfFVX+LWUW47m2ZGwaS8YwyzqLpmPrS5nB8pC6CZGk8=,20150104,20150318
WoyPnj5VHE4YclbF0ngJIZIjJ71nSHp62fw0igH6r7Q=,20151111,20151111
HIVQqohbdTALdut7UTPs4SSJir6uNSh2g63ig9iqk4E=,20151225,20160716
UEINPNAexVtsJ4XgasKYW8tau+gDDsgaglcGQmvnYl4=,20151212,20151212
Tx6kN/6LWXwguMCTvDukhUW5olkepQJk8p+a5z05KJI=,20151210,20160826
ph7JnaYch1a6+hYs6G28tIwg4czLjwliRRu3ux1g56w=,20160113,20160904
y1Tq9cXFCuBzosHDOEdMuqwHbCfLyHyO+JhjkGJJJQc=,20150924,20150924
MoFZlhMrrLYnFcl/JzuCDhjN2j5t3i2tfBjgGmYPXcs=,20150902,20150902
Jhv/2XEz7ijg1LGDFuy1UwGdkOLXoOY1EBn9fvEXD4s=,20150927,20150927
TcK3hSbh3c7TpUi+1tjIb+UNCAv35TfocCZeigRNUTI=,20170120,20170120
jZxcbWTs7ndJ94YH/uYwgG4Hw7eygUAHoJ9O9RUDngk=,20160530,20161126
tQHnDTHQrtd5amwyE93z0BhqBQzrqT+8+BHcym4FM/I=,20150823,20160903
1Ya8vwC+KDM9oxcxzhGHmxMx7vexPoWsnsdlNC0/zs4=,20160624,20161120
LEPOQYd97l3s5vyZXIPMXvtzYlFGLVMN03HssCLUGxI=,20150704,20150704
rnEsbZmknFmKASBOncSehssgSfzeT9yT8q1fNIEHqYQ=,20151225,20160716
OOJM9g7n+B1X1R/17ujc5oJQiqAiqfVmY8rcoLIwN3Y=,20160909,20160910
Y8RVjZE7TNwrqgacC+NqKAWF/CH/KuT0FQgc89LDVi0=,20160405,20160406
4B+MKkRQmlUQuGRM6nLqRsD6mArYr+1l1yNQHSUn2BA=,20160930,20161004
AtylPZeG+D7HCepZtK70bhtGqc7qaJR+hSdg0LS2wu8=,20150415,20150510
DsZz/1oYwU47TqZr4JtSX7lArxXrXBCTr3qSfDMtJBY=,20161230,20161230
sPxRG+q1i4iACu+/VrX/a3s8srB0ytkKykdiLeg71T8=,20161104,20161104
MFrEH81DqeRbBIYFssxgeyQ0J5eq0JCQSt6jkx+9/ps=,20170228,20170228
6QERvz3VcrlrZ1hBQ3vGW0jBDSa4WNjRAuiUupNI+JM=,20161024,20170218
4f8sipI+PO7nP7jgU46xHh0m/xcim0eNT6nJiCthNMM=,20150529,20150604
H/YjcQTblCRSLRjsr5wG/RF1MqrvFdYtUQOAPfv8KPs=,20150918,20150920
n4DR6SvNO03XKMeDC4YpI34yFmN0Kenrnd/Zla8i8JA=,20160913,20161029
C3slGlQ+vIFXDCs6RoYR9hfJSICLFTI4BkRx3oDywFM=,20151026,20151026
qYUqEEtv1H5dFRnr2J4xFhq6ZqF2IvhO3Hs7Aw4pPtQ=,20160608,20160608
9GeOFoVDkQ4LvWeTXu38DchYFaUwQOW9htIFQAIYHTo=,20150927,20150927
oHuSAcfhxz41Svl6E7WDp1tdqvb2S1WQimk9mBEE5io=,20150407,20150415
uUUv7I44L1twJJUmlswaVfCFArzoC4+tS1PykO0np2Q=,20160302,20160828
QgJun0vZNdlTCe3mLDfbmfFOe93JzGXSD9kquMMranY=,20150717,20150717
gN4GMmBDNnjz8YOGnQPGE22KxTponAxjgT/ufqSlB1E=,20160709,20161112
SYz/XX/jct9ctJd88MrLrRXZys6BEZQ8inDXenSFZqs=,20160827,20160827
FW+iKUSTjEeR/to242+GqgmOYLW9JIJrDHYZvJvEpvE=,20151018,20151121
PwReho/QkQd07ZceqocABC7TZp6Ce4g3HY/3ME1FE2I=,20150519,20150519
oqEj3rWUSzTTqW299Xh32QyuVAYCHA4KvqGK2ATalaY=,20160801,20160801
OkzPWLnCXJTjMoGyaVNMEPGjKerRyUwXgn2kHVpTC74=,20150510,20150602
Ut3aDTkcOMWbxm9VIle91oYiFPoONS9UnVhSwZrfeQA=,20161227,20161227
7BB+T3Q3hHYCkJXjTXwtKEWM1YmOeNO5GK5ivYY7Bl8=,20170217,20170217
L55DG+LutUUmrYn7A07tEIzsWfvnLhIeCsdtQ2R09jI=,20160821,20160828
4Wa94/sjyZcmNl5VZgwhkPcyWcKwuQBkM6oID+t/j14=,20160326,20160326
yyy9fpghLrwjqVEhgIsPcRJxWp8URmQ9ZKEgp6kvwbk=,20160203,20160203
OWCwtoe5a0sr20K9kefLdG5OevCjyhAD2JIHYVNOXX0=,20151215,20151215
oyNZocwNudB+JzwYTZjosaUs2hZwaJocug/IFx8khUI=,20150303,20161021
Xve+cY2HRkWzRDkQ5eR0opxc8GkjmmH8mV5UXUNl3kU=,20151207,20160410
bD20Y1BIrMDmvCkDV+bN1uXRHkmmctB6SEhPJfrfOFU=,20160423,20160830
I9nX5tRKUQXGWs1AxZAu6bsW/zQHSb65ESWgjRWEg2E=,20161227,20161227
bBuB9fJtn9IdQqBC1TaV7Znehp88bWRdwEFWGniEbdk=,20160209,20160215
1ZIWl4Grl1ifidOpdzVVpxtcWM02L5GPCQacbjGSWIE=,20150825,20160909
KLp4ciAjsCI00VCrs05ZhHzOqL64htCi8EnzaGNnLec=,20170131,20170131
7B+oHqGU9Hgokme2PBPo8v7+k4UJ6VI7eV6Uip9Fxno=,20150522,20150522
dNj3B/Ks9I4+Qp28xjM1soRzVh4HkpBaNbs+RsrNx78=,20150829,20161111
/lr0+8AYHYUym7mvdjgMf5yBJqoKWoVy37TtRsb9DEk=,20161013,20161013
maUbdiXFvdBa+u3TQu+Rb4dNIRaJQo+5Jgmdnb8ofL0=,20160323,20160903
V0VB4Ie4BMw/xvOvXve0QIScZ7DjZbpfrcLj75gGGnQ=,20150227,20150601
fjDn2dkoffecp0EzK5Vj3fw0ukntEANrV6xT5p/3rks=,20160430,20161028
TedMAVdcK8mPEm8GuKF/70zOcjsi4GxLn6TZ4u8bLPk=,20161123,20161123
kg8cbbU2ue8bCGr7FyKKE6Ip2DtSSuvCwU4Kgs7M4sM=,20161224,20161230
K2PVUNm8g2u9NtLqiHSFrp8p6Jkc3oosKBWePmWzL4I=,20151205,20151205
MaPUMUl6tkSSJTjHhdkRRNXgOMJVdUl+c2N0uxfepLo=,20151023,20151027
IP76UvTqaLdAiA7AiYGeJScJzb/aAhjJffy1wnwH3Eo=,20170214,20170222
L3TmF6+H6lVXpPvlCHrIl1BW3rJyk4qloC73sgeeRE0=,20150608,20150608
cpN6/iWXunZ2oUck9p6Vnft52Hw7z0PgLlXryNcz/7E=,20160717,20161122
hAedrV0PUz2mUyZFkWUXhckLXblmTLYEJav7F9Udfxw=,20160709,20160710
H47U03NeiPyC6qys4tM+5KLjzQoVQNJbylBdml46iCk=,20151213,20160911
+pnDXHta7s1GKgrdYIbkSLFwzVEZoXuJdnmJZOhFIIk=,20151106,20151110
eJWjCB0lheJgIq0i9jxC6HyBANWGMowzHf7TqjWqutY=,20160630,20160630
wUSk8S+kvczfp4hDqosk/lSQhby1zs/APrbNQCgzUx4=,20160630,20160630
p0zUaNG6zuT8Du45H212GysjdwZHkDAGA/NQ/ZNMv/w=,20150617,20150623
ChMDBnbGTbhgStyCH81E/7Jk8YYzQ7cS+MX3ciZZxYs=,20150506,20150508
jmhpv1zO7C/6Jo52gpDYN80PsmVCCcfqTsq/U8MAWI8=,20160417,20161031
uHjzEJXk3pL9H079I0QQCIqK9KenTL2/XljoWxnAKQs=,20151009,20161115
IDlTrqKqVjL8GegHsvr9V4oM4deFuZECqQkAEAd4qQI=,20160712,20160712
NzV1C78IbVkAWctR1qqJHtK6c3ll0YpBL9NjzwqjOxo=,20160608,20160608
j731v3fiKIvTT1HQ2CqH5fOIXENOc25RjeYR+nb9RV8=,20160826,20160826
0eAdh4mm2hVZxoyWDE/H091BAzCDyME/03f9+++VmqE=,20160621,20161028
LcX3e41+Ir6D5Tq9KOHN6kpLa5eX7rK465gg9EC/JpA=,20160314,20160314
